"id","image","name","displayName","unlock_key","allow_team_color","lockdesc"
"1","PlayerIDNamePlateBase","$NAMEPLATE_BLANK",,,"true",
"2","PlayerIDNamePlate_002","$NAMEPLATE_HCE_BLUE",,"eUnlockItemId_NAMEPLATE_HCE_BLUE","true","$NAMEPLATE_HCE_BLUE_LOCK"
"3","PlayerIDNamePlate_003","$NAMEPLATE_HCE_BRONZE",,"eUnlockItemId_NAMEPLATE_HCE_BRONZE",,"$NAMEPLATE_HCE_BRONZE_LOCK"
"4","PlayerIDNamePlate_004","$NAMEPLATE_HCE_SILVER",,"eUnlockItemId_NAMEPLATE_HCE_SILVER",,"$NAMEPLATE_HCE_SILVER_LOCK"
"5","PlayerIDNamePlate_005","$NAMEPLATE_HCE_GOLD",,"eUnlockItemId_NAMEPLATE_HCE_GOLD",,"$NAMEPLATE_HCE_GOLD_LOCK"
"6","PlayerIDNamePlate_006","$NAMEPLATE_HCE_PLATINUM",,"eUnlockItemId_NAMEPLATE_HCE_PLATINUM",,"$NAMEPLATE_HCE_PLATINUM_LOCK"
"7","PlayerIDNamePlate_007","$NAMEPLATE_H2_BLUE",,"eUnlockItemId_NAMEPLATE_H2_BLUE","true","$NAMEPLATE_H2_BLUE_LOCK"
"8","PlayerIDNamePlate_008","$NAMEPLATE_H2_BRONZE",,"eUnlockItemId_NAMEPLATE_H2_BRONZE",,"$NAMEPLATE_H2_BRONZE_LOCK"
"9","PlayerIDNamePlate_009","$NAMEPLATE_H2_SILVER",,"eUnlockItemId_NAMEPLATE_H2_SILVER",,"$NAMEPLATE_H2_SILVER_LOCK"
"10","PlayerIDNamePlate_010","$NAMEPLATE_H2_GOLD",,"eUnlockItemId_NAMEPLATE_H2_GOLD",,"$NAMEPLATE_H2_GOLD_LOCK"
"11","PlayerIDNamePlate_011","$NAMEPLATE_H2_PLATINUM",,"eUnlockItemId_NAMEPLATE_H2_PLATINUM",,"$NAMEPLATE_H2_PLATINUM_LOCK"
"17","PlayerIDNamePlate_017","$NAMEPLATE_H3_BLUE",,"eUnlockItemId_NAMEPLATE_H3_BLUE","true","$NAMEPLATE_H3_BLUE_LOCK"
"18","PlayerIDNamePlate_018","$NAMEPLATE_H3_BRONZE",,"eUnlockItemId_NAMEPLATE_H3_BRONZE",,"$NAMEPLATE_H3_BRONZE_LOCK"
"19","PlayerIDNamePlate_019","$NAMEPLATE_H3_SILVER",,"eUnlockItemId_NAMEPLATE_H3_SILVER",,"$NAMEPLATE_H3_SILVER_LOCK"
"20","PlayerIDNamePlate_020","$NAMEPLATE_H3_GOLD",,"eUnlockItemId_NAMEPLATE_H3_GOLD",,"$NAMEPLATE_H3_GOLD_LOCK"
"21","PlayerIDNamePlate_021","$NAMEPLATE_H3_PLATINUM",,"eUnlockItemId_NAMEPLATE_H3_PLATINUM",,"$NAMEPLATE_H3_PLATINUM_LOCK"
"22","PlayerIDNamePlate_022","$NAMEPLATE_H4_BLUE",,"eUnlockItemId_NAMEPLATE_H4_BLUE","true","$NAMEPLATE_H4_BLUE_LOCK"
"23","PlayerIDNamePlate_023","$NAMEPLATE_H4_BRONZE",,"eUnlockItemId_NAMEPLATE_H4_BRONZE",,"$NAMEPLATE_H4_BRONZE_LOCK"
"24","PlayerIDNamePlate_024","$NAMEPLATE_H4_SILVER",,"eUnlockItemId_NAMEPLATE_H4_SILVER",,"$NAMEPLATE_H4_SILVER_LOCK"
"25","PlayerIDNamePlate_025","$NAMEPLATE_H4_GOLD",,"eUnlockItemId_NAMEPLATE_H4_GOLD",,"$NAMEPLATE_H4_GOLD_LOCK"
"26","PlayerIDNamePlate_026","$NAMEPLATE_H4_PLATINUM",,"eUnlockItemId_NAMEPLATE_H4_PLATINUM",,"$NAMEPLATE_H4_PLATINUM_LOCK"
"27","PlayerIDNamePlate_027","$NAMEPLATE_HALO_TEXT_BLUE",,"eUnlockItemId_NAMEPLATE_HALO_TEXT_BLUE","true","$NAMEPLATE_HALO_TEXT_BLUE_LOCK"
"28","PlayerIDNamePlate_028","$NAMEPLATE_HALO_TEXT_BRONZE",,"eUnlockItemId_NAMEPLATE_HALO_TEXT_BRONZE",,"$NAMEPLATE_HALO_TEXT_BRONZE_LOCK"
"29","PlayerIDNamePlate_029","$NAMEPLATE_HALO_TEXT_SILVER",,"eUnlockItemId_NAMEPLATE_HALO_TEXT_SILVER",,"$NAMEPLATE_HALO_TEXT_SILVER_LOCK"
"30","PlayerIDNamePlate_030","$NAMEPLATE_HALO_TEXT_GOLD",,"eUnlockItemId_NAMEPLATE_HALO_TEXT_GOLD",,"$NAMEPLATE_HALO_TEXT_GOLD_LOCK"
"31","PlayerIDNamePlate_031","$NAMEPLATE_HALO_TEXT_PLATINUM",,"eUnlockItemId_NAMEPLATE_HALO_TEXT_PLATINUM",,"$NAMEPLATE_HALO_TEXT_PLATINUM_LOCK"
"32","PlayerIDNamePlate_032","$NAMEPLATE_DMR_BLUE",,"eUnlockItemId_NAMEPLATE_DMR_BLUE","true","$NAMEPLATE_DMR_BLUE_LOCK"
"33","PlayerIDNamePlate_033","$NAMEPLATE_DMR_BRONZE",,"eUnlockItemId_NAMEPLATE_DMR_BRONZE",,"$NAMEPLATE_DMR_BRONZE_LOCK"
"34","PlayerIDNamePlate_034","$NAMEPLATE_DMR_SILVER",,"eUnlockItemId_NAMEPLATE_DMR_SILVER",,"$NAMEPLATE_DMR_SILVER_LOCK"
"35","PlayerIDNamePlate_035","$NAMEPLATE_DMR_GOLD",,"eUnlockItemId_NAMEPLATE_DMR_GOLD",,"$NAMEPLATE_DMR_GOLD_LOCK"
"36","PlayerIDNamePlate_036","$NAMEPLATE_DMR_PLATINUM",,"eUnlockItemId_NAMEPLATE_DMR_PLATINUM",,"$NAMEPLATE_DMR_PLATINUM_LOCK"
"37","PlayerIDNamePlate_037","$NAMEPLATE_SNIPER_BLUE",,"eUnlockItemId_NAMEPLATE_SNIPER_BLUE","true","$NAMEPLATE_SNIPER_BLUE_LOCK"
"38","PlayerIDNamePlate_038","$NAMEPLATE_SNIPER_BRONZE",,"eUnlockItemId_NAMEPLATE_SNIPER_BRONZE",,"$NAMEPLATE_SNIPER_BRONZE_LOCK"
"39","PlayerIDNamePlate_039","$NAMEPLATE_SNIPER_SILVER",,"eUnlockItemId_NAMEPLATE_SNIPER_SILVER",,"$NAMEPLATE_SNIPER_SILVER_LOCK"
"40","PlayerIDNamePlate_040","$NAMEPLATE_SNIPER_GOLD",,"eUnlockItemId_NAMEPLATE_SNIPER_GOLD",,"$NAMEPLATE_SNIPER_GOLD_LOCK"
"41","PlayerIDNamePlate_041","$NAMEPLATE_SNIPER_PLATINUM",,"eUnlockItemId_NAMEPLATE_SNIPER_PLATINUM",,"$NAMEPLATE_SNIPER_PLATINUM_LOCK"
"42","PlayerIDNamePlate_042","$NAMEPLATE_AR_BLUE",,"eUnlockItemId_NAMEPLATE_AR_BLUE","true","$NAMEPLATE_AR_BLUE_LOCK"
"43","PlayerIDNamePlate_043","$NAMEPLATE_AR_BRONZE",,"eUnlockItemId_NAMEPLATE_AR_BRONZE",,"$NAMEPLATE_AR_BRONZE_LOCK"
"44","PlayerIDNamePlate_044","$NAMEPLATE_AR_SILVER",,"eUnlockItemId_NAMEPLATE_AR_SILVER",,"$NAMEPLATE_AR_SILVER_LOCK"
"45","PlayerIDNamePlate_045","$NAMEPLATE_AR_GOLD",,"eUnlockItemId_NAMEPLATE_AR_GOLD",,"$NAMEPLATE_AR_GOLD_LOCK"
"46","PlayerIDNamePlate_046","$NAMEPLATE_AR_PLATINUM",,"eUnlockItemId_NAMEPLATE_AR_PLATINUM",,"$NAMEPLATE_AR_PLATINUM_LOCK"
"47","PlayerIDNamePlate_047","$NAMEPLATE_BR_BLUE",,"eUnlockItemId_NAMEPLATE_BR_BLUE","true","$NAMEPLATE_BR_BLUE_LOCK"
"48","PlayerIDNamePlate_048","$NAMEPLATE_BR_BRONZE",,"eUnlockItemId_NAMEPLATE_BR_BRONZE",,"$NAMEPLATE_BR_BRONZE_LOCK"
"49","PlayerIDNamePlate_049","$NAMEPLATE_BR_SILVER",,"eUnlockItemId_NAMEPLATE_BR_SILVER",,"$NAMEPLATE_BR_SILVER_LOCK"
"50","PlayerIDNamePlate_050","$NAMEPLATE_BR_GOLD",,"eUnlockItemId_NAMEPLATE_BR_GOLD",,"$NAMEPLATE_BR_GOLD_LOCK"
"51","PlayerIDNamePlate_051","$NAMEPLATE_BR_PLATINUM",,"eUnlockItemId_NAMEPLATE_BR_PLATINUM",,"$NAMEPLATE_BR_PLATINUM_LOCK"
"52","PlayerIDNamePlate_052","$NAMEPLATE_ROCKET_BLUE",,"eUnlockItemId_NAMEPLATE_ROCKET_BLUE","true","$NAMEPLATE_ROCKET_BLUE_LOCK"
"53","PlayerIDNamePlate_053","$NAMEPLATE_ROCKET_BRONZE",,"eUnlockItemId_NAMEPLATE_ROCKET_BRONZE",,"$NAMEPLATE_ROCKET_BRONZE_LOCK"
"54","PlayerIDNamePlate_054","$NAMEPLATE_ROCKET_SILVER",,"eUnlockItemId_NAMEPLATE_ROCKET_SILVER",,"$NAMEPLATE_ROCKET_SILVER_LOCK"
"55","PlayerIDNamePlate_055","$NAMEPLATE_ROCKET_GOLD",,"eUnlockItemId_NAMEPLATE_ROCKET_GOLD",,"$NAMEPLATE_ROCKET_GOLD_LOCK"
"56","PlayerIDNamePlate_056","$NAMEPLATE_ROCKET_PLATINUM",,"eUnlockItemId_NAMEPLATE_ROCKET_PLATINUM",,"$NAMEPLATE_ROCKET_PLATINUM_LOCK"
"57","PlayerIDNamePlate_057","$NAMEPLATE_SHOTGUN_BLUE",,"eUnlockItemId_NAMEPLATE_SHOTGUN_BLUE","true","$NAMEPLATE_SHOTGUN_BLUE_LOCK"
"58","PlayerIDNamePlate_058","$NAMEPLATE_SHOTGUN_BRONZE",,"eUnlockItemId_NAMEPLATE_SHOTGUN_BRONZE",,"$NAMEPLATE_SHOTGUN_BRONZE_LOCK"
"59","PlayerIDNamePlate_059","$NAMEPLATE_SHOTGUN_SILVER",,"eUnlockItemId_NAMEPLATE_SHOTGUN_SILVER",,"$NAMEPLATE_SHOTGUN_SILVER_LOCK"
"60","PlayerIDNamePlate_060","$NAMEPLATE_SHOTGUN_GOLD",,"eUnlockItemId_NAMEPLATE_SHOTGUN_GOLD",,"$NAMEPLATE_SHOTGUN_GOLD_LOCK"
"61","PlayerIDNamePlate_061","$NAMEPLATE_SHOTGUN_PLATINUM",,"eUnlockItemId_NAMEPLATE_SHOTGUN_PLATINUM",,"$NAMEPLATE_SHOTGUN_PLATINUM_LOCK"
"62","PlayerIDNamePlate_062","$NAMEPLATE_MAGNUM_BLUE",,"eUnlockItemId_NAMEPLATE_MAGNUM_BLUE","true","$NAMEPLATE_MAGNUM_BLUE_LOCK"
"63","PlayerIDNamePlate_063","$NAMEPLATE_MAGNUM_BRONZE",,"eUnlockItemId_NAMEPLATE_MAGNUM_BRONZE",,"$NAMEPLATE_MAGNUM_BRONZE_LOCK"
"64","PlayerIDNamePlate_064","$NAMEPLATE_MAGNUM_SILVER",,"eUnlockItemId_NAMEPLATE_MAGNUM_SILVER",,"$NAMEPLATE_MAGNUM_SILVER_LOCK"
"65","PlayerIDNamePlate_065","$NAMEPLATE_MAGNUM_GOLD",,"eUnlockItemId_NAMEPLATE_MAGNUM_GOLD",,"$NAMEPLATE_MAGNUM_GOLD_LOCK"
"66","PlayerIDNamePlate_066","$NAMEPLATE_MAGNUM_PLATINUM",,"eUnlockItemId_NAMEPLATE_MAGNUM_PLATINUM",,"$NAMEPLATE_MAGNUM_PLATINUM_LOCK"
"67","PlayerIDNamePlate_067","$NAMEPLATE_SWORD_BLUE",,"eUnlockItemId_NAMEPLATE_SWORD_BLUE","true","$NAMEPLATE_SWORD_BLUE_LOCK"
"68","PlayerIDNamePlate_068","$NAMEPLATE_SWORD_BRONZE",,"eUnlockItemId_NAMEPLATE_SWORD_BRONZE",,"$NAMEPLATE_SWORD_BRONZE_LOCK"
"69","PlayerIDNamePlate_069","$NAMEPLATE_SWORD_SILVER",,"eUnlockItemId_NAMEPLATE_SWORD_SILVER",,"$NAMEPLATE_SWORD_SILVER_LOCK"
"70","PlayerIDNamePlate_070","$NAMEPLATE_SWORD_GOLD",,"eUnlockItemId_NAMEPLATE_SWORD_GOLD",,"$NAMEPLATE_SWORD_GOLD_LOCK"
"71","PlayerIDNamePlate_071","$NAMEPLATE_SWORD_PLATINUM",,"eUnlockItemId_NAMEPLATE_SWORD_PLATINUM",,"$NAMEPLATE_SWORD_PLATINUM_LOCK"
"72","PlayerIDNamePlate_072","$NAMEPLATE_HAMMER_BLUE",,"eUnlockItemId_NAMEPLATE_HAMMER_BLUE","true","$NAMEPLATE_HAMMER_BLUE_LOCK"
"73","PlayerIDNamePlate_073","$NAMEPLATE_HAMMER_BRONZE",,"eUnlockItemId_NAMEPLATE_HAMMER_BRONZE",,"$NAMEPLATE_HAMMER_BRONZE_LOCK"
"74","PlayerIDNamePlate_074","$NAMEPLATE_HAMMER_SILVER",,"eUnlockItemId_NAMEPLATE_HAMMER_SILVER",,"$NAMEPLATE_HAMMER_SILVER_LOCK"
"75","PlayerIDNamePlate_075","$NAMEPLATE_HAMMER_GOLD",,"eUnlockItemId_NAMEPLATE_HAMMER_GOLD",,"$NAMEPLATE_HAMMER_GOLD_LOCK"
"76","PlayerIDNamePlate_076","$NAMEPLATE_HAMMER_PLATINUM",,"eUnlockItemId_NAMEPLATE_HAMMER_PLATINUM",,"$NAMEPLATE_HAMMER_PLATINUM_LOCK"
"77","PlayerIDNamePlate_077","$NAMEPLATE_FRAG_BLUE",,"eUnlockItemId_NAMEPLATE_FRAG_BLUE","true","$NAMEPLATE_FRAG_BLUE_LOCK"
"78","PlayerIDNamePlate_078","$NAMEPLATE_FRAG_BRONZE",,"eUnlockItemId_NAMEPLATE_FRAG_BRONZE",,"$NAMEPLATE_FRAG_BRONZE_LOCK"
"79","PlayerIDNamePlate_079","$NAMEPLATE_FRAG_SILVER",,"eUnlockItemId_NAMEPLATE_FRAG_SILVER",,"$NAMEPLATE_FRAG_SILVER_LOCK"
"80","PlayerIDNamePlate_080","$NAMEPLATE_FRAG_GOLD",,"eUnlockItemId_NAMEPLATE_FRAG_GOLD",,"$NAMEPLATE_FRAG_GOLD_LOCK"
"81","PlayerIDNamePlate_081","$NAMEPLATE_FRAG_PLATINUM",,"eUnlockItemId_NAMEPLATE_FRAG_PLATINUM",,"$NAMEPLATE_FRAG_PLATINUM_LOCK"
"82","PlayerIDNamePlate_082","$NAMEPLATE_PLASMAGRENADE_BLUE",,"eUnlockItemId_NAMEPLATE_PLASMAGRENADE_BLUE","true","$NAMEPLATE_PLASMAGRENADE_BLUE_LOCK"
"83","PlayerIDNamePlate_083","$NAMEPLATE_PLASMAGRENADE_BRONZE",,"eUnlockItemId_NAMEPLATE_PLASMAGRENADE_BRONZE",,"$NAMEPLATE_PLASMAGRENADE_BRONZE_LOCK"
"84","PlayerIDNamePlate_084","$NAMEPLATE_PLASMAGRENADE_SILVER",,"eUnlockItemId_NAMEPLATE_PLASMAGRENADE_SILVER",,"$NAMEPLATE_PLASMAGRENADE_SILVER_LOCK"
"85","PlayerIDNamePlate_085","$NAMEPLATE_PLASMAGRENADE_GOLD",,"eUnlockItemId_NAMEPLATE_PLASMAGRENADE_GOLD",,"$NAMEPLATE_PLASMAGRENADE_GOLD_LOCK"
"86","PlayerIDNamePlate_086","$NAMEPLATE_PLASMAGRENADE_PLATINUM",,"eUnlockItemId_NAMEPLATE_PLASMAGRENADE_PLATINUM",,"$NAMEPLATE_PLASMAGRENADE_PLATINUM_LOCK"
"87","PlayerIDNamePlate_087","$NAMEPLATE_WARTHOG_BLUE",,"eUnlockItemId_NAMEPLATE_WARTHOG_BLUE","true","$NAMEPLATE_WARTHOG_BLUE_LOCK"
"88","PlayerIDNamePlate_088","$NAMEPLATE_WARTHOG_BRONZE",,"eUnlockItemId_NAMEPLATE_WARTHOG_BRONZE",,"$NAMEPLATE_WARTHOG_BRONZE_LOCK"
"89","PlayerIDNamePlate_089","$NAMEPLATE_WARTHOG_SILVER",,"eUnlockItemId_NAMEPLATE_WARTHOG_SILVER",,"$NAMEPLATE_WARTHOG_SILVER_LOCK"
"90","PlayerIDNamePlate_090","$NAMEPLATE_WARTHOG_GOLD",,"eUnlockItemId_NAMEPLATE_WARTHOG_GOLD",,"$NAMEPLATE_WARTHOG_GOLD_LOCK"
"91","PlayerIDNamePlate_091","$NAMEPLATE_WARTHOG_PLATINUM",,"eUnlockItemId_NAMEPLATE_WARTHOG_PLATINUM",,"$NAMEPLATE_WARTHOG_PLATINUM_LOCK"
"92","PlayerIDNamePlate_092","$NAMEPLATE_SCORPION_BLUE",,"eUnlockItemId_NAMEPLATE_SCORPION_BLUE","true","$NAMEPLATE_SCORPION_BLUE_LOCK"
"93","PlayerIDNamePlate_093","$NAMEPLATE_SCORPION_BRONZE",,"eUnlockItemId_NAMEPLATE_SCORPION_BRONZE",,"$NAMEPLATE_SCORPION_BRONZE_LOCK"
"94","PlayerIDNamePlate_094","$NAMEPLATE_SCORPION_SILVER",,"eUnlockItemId_NAMEPLATE_SCORPION_SILVER",,"$NAMEPLATE_SCORPION_SILVER_LOCK"
"95","PlayerIDNamePlate_095","$NAMEPLATE_SCORPION_GOLD",,"eUnlockItemId_NAMEPLATE_SCORPION_GOLD",,"$NAMEPLATE_SCORPION_GOLD_LOCK"
"96","PlayerIDNamePlate_096","$NAMEPLATE_SCORPION_PLATINUM",,"eUnlockItemId_NAMEPLATE_SCORPION_PLATINUM",,"$NAMEPLATE_SCORPION_PLATINUM_LOCK"
"97","PlayerIDNamePlate_097","$NAMEPLATE_GHOST_BLUE",,"eUnlockItemId_NAMEPLATE_GHOST_BLUE","true","$NAMEPLATE_GHOST_BLUE_LOCK"
"98","PlayerIDNamePlate_098","$NAMEPLATE_GHOST_BRONZE",,"eUnlockItemId_NAMEPLATE_GHOST_BRONZE",,"$NAMEPLATE_GHOST_BRONZE_LOCK"
"99","PlayerIDNamePlate_099","$NAMEPLATE_GHOST_SILVER",,"eUnlockItemId_NAMEPLATE_GHOST_SILVER",,"$NAMEPLATE_GHOST_SILVER_LOCK"
"100","PlayerIDNamePlate_100","$NAMEPLATE_GHOST_GOLD",,"eUnlockItemId_NAMEPLATE_GHOST_GOLD",,"$NAMEPLATE_GHOST_GOLD_LOCK"
"101","PlayerIDNamePlate_101","$NAMEPLATE_GHOST_PLATINUM",,"eUnlockItemId_NAMEPLATE_GHOST_PLATINUM",,"$NAMEPLATE_GHOST_PLATINUM_LOCK"
"102","PlayerIDNamePlate_102","$NAMEPLATE_BANSHEE_BLUE",,"eUnlockItemId_NAMEPLATE_BANSHEE_BLUE","true","$NAMEPLATE_BANSHEE_BLUE_LOCK"
"103","PlayerIDNamePlate_103","$NAMEPLATE_BANSHEE_BRONZE",,"eUnlockItemId_NAMEPLATE_BANSHEE_BRONZE",,"$NAMEPLATE_BANSHEE_BRONZE_LOCK"
"104","PlayerIDNamePlate_104","$NAMEPLATE_BANSHEE_SILVER",,"eUnlockItemId_NAMEPLATE_BANSHEE_SILVER",,"$NAMEPLATE_BANSHEE_SILVER_LOCK"
"105","PlayerIDNamePlate_105","$NAMEPLATE_BANSHEE_GOLD",,"eUnlockItemId_NAMEPLATE_BANSHEE_GOLD",,"$NAMEPLATE_BANSHEE_GOLD_LOCK"
"106","PlayerIDNamePlate_106","$NAMEPLATE_BANSHEE_PLATINUM",,"eUnlockItemId_NAMEPLATE_BANSHEE_PLATINUM",,"$NAMEPLATE_BANSHEE_PLATINUM_LOCK"
"107","PlayerIDNamePlate_107","$NAMEPLATE_MONGOOSE_BLUE",,"eUnlockItemId_NAMEPLATE_MONGOOSE_BLUE","true","$NAMEPLATE_MONGOOSE_BLUE_LOCK"
"108","PlayerIDNamePlate_108","$NAMEPLATE_MONGOOSE_BRONZE",,"eUnlockItemId_NAMEPLATE_MONGOOSE_BRONZE",,"$NAMEPLATE_MONGOOSE_BRONZE_LOCK"
"109","PlayerIDNamePlate_109","$NAMEPLATE_MONGOOSE_SILVER",,"eUnlockItemId_NAMEPLATE_MONGOOSE_SILVER",,"$NAMEPLATE_MONGOOSE_SILVER_LOCK"
"110","PlayerIDNamePlate_110","$NAMEPLATE_MONGOOSE_GOLD",,"eUnlockItemId_NAMEPLATE_MONGOOSE_GOLD",,"$NAMEPLATE_MONGOOSE_GOLD_LOCK"
"111","PlayerIDNamePlate_111","$NAMEPLATE_MONGOOSE_PLATINUM",,"eUnlockItemId_NAMEPLATE_MONGOOSE_PLATINUM",,"$NAMEPLATE_MONGOOSE_PLATINUM_LOCK"
"112","PlayerIDNamePlate_112","$NAMEPLATE_FORGE_BLUE",,"eUnlockItemId_NAMEPLATE_FORGE_BLUE","true","$NAMEPLATE_FORGE_BLUE_LOCK"
"113","PlayerIDNamePlate_113","$NAMEPLATE_FORGE_BRONZE",,"eUnlockItemId_NAMEPLATE_FORGE_BRONZE",,"$NAMEPLATE_FORGE_BRONZE_LOCK"
"114","PlayerIDNamePlate_114","$NAMEPLATE_FORGE_SILVER",,"eUnlockItemId_NAMEPLATE_FORGE_SILVER",,"$NAMEPLATE_FORGE_SILVER_LOCK"
"115","PlayerIDNamePlate_115","$NAMEPLATE_FORGE_GOLD",,"eUnlockItemId_NAMEPLATE_FORGE_GOLD",,"$NAMEPLATE_FORGE_GOLD_LOCK"
"116","PlayerIDNamePlate_116","$NAMEPLATE_FORGE_PLATINUM",,"eUnlockItemId_NAMEPLATE_FORGE_PLATINUM",,"$NAMEPLATE_FORGE_PLATINUM_LOCK"
"117","PlayerIDNamePlate_117","$NAMEPLATE_DOGTAGS_BLUE",,"eUnlockItemId_NAMEPLATE_DOGTAGS_BLUE","true","$NAMEPLATE_DOGTAGS_BLUE_LOCK"
"118","PlayerIDNamePlate_118","$NAMEPLATE_DOGTAGS_BRONZE",,"eUnlockItemId_NAMEPLATE_DOGTAGS_BRONZE",,"$NAMEPLATE_DOGTAGS_BRONZE_LOCK"
"119","PlayerIDNamePlate_119","$NAMEPLATE_DOGTAGS_SILVER",,"eUnlockItemId_NAMEPLATE_DOGTAGS_SILVER",,"$NAMEPLATE_DOGTAGS_SILVER_LOCK"
"120","PlayerIDNamePlate_120","$NAMEPLATE_DOGTAGS_GOLD",,"eUnlockItemId_NAMEPLATE_DOGTAGS_GOLD",,"$NAMEPLATE_DOGTAGS_GOLD_LOCK"
"121","PlayerIDNamePlate_121","$NAMEPLATE_DOGTAGS_PLATINUM",,"eUnlockItemId_NAMEPLATE_DOGTAGS_PLATINUM",,"$NAMEPLATE_DOGTAGS_PLATINUM_LOCK"
"122","PlayerIDNamePlate_122","$NAMEPLATE_RECLAIMER_BLUE",,"eUnlockItemId_NAMEPLATE_RECLAIMER_BLUE","true","$NAMEPLATE_RECLAIMER_BLUE_LOCK"
"123","PlayerIDNamePlate_123","$NAMEPLATE_RECLAIMER_BRONZE",,"eUnlockItemId_NAMEPLATE_RECLAIMER_BRONZE",,"$NAMEPLATE_RECLAIMER_BRONZE_LOCK"
"124","PlayerIDNamePlate_124","$NAMEPLATE_RECLAIMER_SILVER",,"eUnlockItemId_NAMEPLATE_RECLAIMER_SILVER",,"$NAMEPLATE_RECLAIMER_SILVER_LOCK"
"125","PlayerIDNamePlate_125","$NAMEPLATE_RECLAIMER_GOLD",,"eUnlockItemId_NAMEPLATE_RECLAIMER_GOLD",,"$NAMEPLATE_RECLAIMER_GOLD_LOCK"
"126","PlayerIDNamePlate_126","$NAMEPLATE_RECLAIMER_PLATINUM",,"eUnlockItemId_NAMEPLATE_RECLAIMER_PLATINUM",,"$NAMEPLATE_RECLAIMER_PLATINUM_LOCK"
"127","PlayerIDNamePlate_132","$NAMEPLATE_NORMAL_DIFF_BLUE",,"eUnlockItemId_NAMEPLATE_NORMAL_DIFF_BLUE","true","$NAMEPLATE_NORMAL_DIFF_BLUE_LOCK"
"128","PlayerIDNamePlate_133","$NAMEPLATE_NORMAL_DIFF_BRONZE",,"eUnlockItemId_NAMEPLATE_NORMAL_DIFF_BRONZE",,"$NAMEPLATE_NORMAL_DIFF_BRONZE_LOCK"
"129","PlayerIDNamePlate_134","$NAMEPLATE_NORMAL_DIFF_SILVER",,"eUnlockItemId_NAMEPLATE_NORMAL_DIFF_SILVER",,"$NAMEPLATE_NORMAL_DIFF_SILVER_LOCK"
"130","PlayerIDNamePlate_135","$NAMEPLATE_NORMAL_DIFF_GOLD",,"eUnlockItemId_NAMEPLATE_NORMAL_DIFF_GOLD",,"$NAMEPLATE_NORMAL_DIFF_GOLD_LOCK"
"131","PlayerIDNamePlate_136","$NAMEPLATE_NORMAL_DIFF_PLATINUM",,"eUnlockItemId_NAMEPLATE_NORMAL_DIFF_PLATINUM",,"$NAMEPLATE_NORMAL_DIFF_PLATINUM_LOCK"
"132","PlayerIDNamePlate_137","$NAMEPLATE_HEROIC_DIFF_BLUE",,"eUnlockItemId_NAMEPLATE_HEROIC_DIFF_BLUE","true","$NAMEPLATE_HEROIC_DIFF_BLUE_LOCK"
"133","PlayerIDNamePlate_138","$NAMEPLATE_HEROIC_DIFF_BRONZE",,"eUnlockItemId_NAMEPLATE_HEROIC_DIFF_BRONZE",,"$NAMEPLATE_HEROIC_DIFF_BRONZE_LOCK"
"134","PlayerIDNamePlate_139","$NAMEPLATE_HEROIC_DIFF_SILVER",,"eUnlockItemId_NAMEPLATE_HEROIC_DIFF_SILVER",,"$NAMEPLATE_HEROIC_DIFF_SILVER_LOCK"
"135","PlayerIDNamePlate_140","$NAMEPLATE_HEROIC_DIFF_GOLD",,"eUnlockItemId_NAMEPLATE_HEROIC_DIFF_GOLD",,"$NAMEPLATE_HEROIC_DIFF_GOLD_LOCK"
"136","PlayerIDNamePlate_141","$NAMEPLATE_HEROIC_DIFF_PLATINUM",,"eUnlockItemId_NAMEPLATE_HEROIC_DIFF_PLATINUM",,"$NAMEPLATE_HEROIC_DIFF_PLATINUM_LOCK"
"137","PlayerIDNamePlate_142","$NAMEPLATE_LEGEND_DIFF_BLUE",,"eUnlockItemId_NAMEPLATE_LEGEND_DIFF_BLUE","true","$NAMEPLATE_LEGEND_DIFF_BLUE_LOCK"
"138","PlayerIDNamePlate_143","$NAMEPLATE_LEGEND_DIFF_BRONZE",,"eUnlockItemId_NAMEPLATE_LEGEND_DIFF_BRONZE",,"$NAMEPLATE_LEGEND_DIFF_BRONZE_LOCK"
"139","PlayerIDNamePlate_144","$NAMEPLATE_LEGEND_DIFF_SILVER",,"eUnlockItemId_NAMEPLATE_LEGEND_DIFF_SILVER",,"$NAMEPLATE_LEGEND_DIFF_SILVER_LOCK"
"140","PlayerIDNamePlate_145","$NAMEPLATE_LEGEND_DIFF_GOLD",,"eUnlockItemId_NAMEPLATE_LEGEND_DIFF_GOLD",,"$NAMEPLATE_LEGEND_DIFF_GOLD_LOCK"
"141","PlayerIDNamePlate_146","$NAMEPLATE_LEGEND_DIFF_PLATINUM",,"eUnlockItemId_NAMEPLATE_LEGEND_DIFF_PLATINUM",,"$NAMEPLATE_LEGEND_DIFF_PLATINUM_LOCK"
"142","PlayerIDNamePlate_147","$NAMEPLATE_LASO_BLUE",,"eUnlockItemId_NAMEPLATE_LASO_BLUE","true","$NAMEPLATE_LASO_BLUE_LOCK"
"143","PlayerIDNamePlate_148","$NAMEPLATE_LASO_BRONZE",,"eUnlockItemId_NAMEPLATE_LASO_BRONZE",,"$NAMEPLATE_LASO_BRONZE_LOCK"
"144","PlayerIDNamePlate_149","$NAMEPLATE_LASO_SILVER",,"eUnlockItemId_NAMEPLATE_LASO_SILVER",,"$NAMEPLATE_LASO_SILVER_LOCK"
"145","PlayerIDNamePlate_150","$NAMEPLATE_LASO_GOLD",,"eUnlockItemId_NAMEPLATE_LASO_GOLD",,"$NAMEPLATE_LASO_GOLD_LOCK"
"146","PlayerIDNamePlate_151","$NAMEPLATE_LASO_PLATINUM",,"eUnlockItemId_NAMEPLATE_LASO_PLATINUM",,"$NAMEPLATE_LASO_PLATINUM_LOCK"
"147","PlayerIDNamePlate_192","$NAMEPLATE_SLAYER_BLUE",,"eUnlockItemId_NAMEPLATE_SLAYER_BLUE","true","$NAMEPLATE_SLAYER_BLUE_LOCK"
"165","PlayerIDNamePlate_191","$NAMEPLATE_SLAYER_BRONZE",,"eUnlockItemId_NAMEPLATE_SLAYER_BRONZE",,"$NAMEPLATE_SLAYER_BRONZE_LOCK"
"166","PlayerIDNamePlate_190","$NAMEPLATE_SLAYER_SILVER",,"eUnlockItemId_NAMEPLATE_SLAYER_SILVER",,"$NAMEPLATE_SLAYER_SILVER_LOCK"
"167","PlayerIDNamePlate_189","$NAMEPLATE_SLAYER_GOLD",,"eUnlockItemId_NAMEPLATE_SLAYER_GOLD",,"$NAMEPLATE_SLAYER_GOLD_LOCK"
"168","PlayerIDNamePlate_188","$NAMEPLATE_SLAYER_PLATINUM",,"eUnlockItemId_NAMEPLATE_SLAYER_PLATINUM",,"$NAMEPLATE_SLAYER_PLATINUM_LOCK"
"148","PlayerIDNamePlate_193","$NAMEPLATE_CTF_BLUE",,"eUnlockItemId_NAMEPLATE_CTF_BLUE","true","$NAMEPLATE_CTF_BLUE_LOCK"
"149","PlayerIDNamePlate_196","$NAMEPLATE_ASSAULT_BLUE",,"eUnlockItemId_NAMEPLATE_ASSAULT_BLUE","true","$NAMEPLATE_ASSAULT_BLUE_LOCK"
"150","PlayerIDNamePlate_194","$NAMEPLATE_GRIFBALL_BLUE",,"eUnlockItemId_NAMEPLATE_GRIFBALL_BLUE","true","$NAMEPLATE_GRIFBALL_BLUE_LOCK"
"151","PlayerIDNamePlate_198","$NAMEPLATE_ODDBALL_BLUE",,"eUnlockItemId_NAMEPLATE_ODDBALL_BLUE","true","$NAMEPLATE_ODDBALL_BLUE_LOCK"
"153","PlayerIDNamePlate_195","$NAMEPLATE_JUG_BLUE",,"eUnlockItemId_NAMEPLATE_JUG_BLUE","true","$NAMEPLATE_JUG_BLUE_LOCK"
"154","PlayerIDNamePlate_197","$NAMEPLATE_RICHOCHET_BLUE",,"eUnlockItemId_NAMEPLATE_RICHOCHET_BLUE","true","$NAMEPLATE_RICHOCHET_BLUE_LOCK"
"155","PlayerIDNamePlate_232","$NAMEPLATE_EVENT_CHRISTMAS",,"eUnlockItemId_NAMEPLATE_EVENT_CHRISTMAS",,"$NAMEPLATE_GRANTED_LOCK"
"156","PlayerIDNamePlate_233","$NAMEPLATE_EVENT_VALENTINE",,"eUnlockItemId_NAMEPLATE_EVENT_VALENTINE",,"$NAMEPLATE_EVENT_VALENTINE_LOCK"
"157","PlayerIDNamePlate_234","$NAMEPLATE_EVENT_YAPYAP1",,"eUnlockItemId_NAMEPLATE_EVENT_YAPYAP",,"$NAMEPLATE_GRANTED_LOCK"
"158","PlayerIDNamePlate_235","$NAMEPLATE_EVENT_YAPYAP2",,"eUnlockItemId_NAMEPLATE_EVENT_YAPYAP_2",,"$NAMEPLATE_GRANTED_LOCK"
"159","PlayerIDNamePlate_237","$NAMEPLATE_GRASSROOTS","Know Your Roots","eUnlockItemId_NAMEPLATE_GRASSROOTS",,"$NAMEPLATE_GRANTED_LOCK"
"160","PlayerIDNamePlate_238","$NAMEPLATE_MSSTORE",,"eUnlockItemId_NAMEPLATE_MSSTORE",,"$NAMEPLATE_GRANTED_LOCK"
"161","PlayerIDNamePlate_236","$NAMEPLATE_ASSASSINATION",,"eUnlockItemId_NAMEPLATE_ASSASSINATION",,"$NAMEPLATE_GRANTED_LOCK"
"162","PlayerIDNamePlate_243","$NAMEPLATE_GUILTY_SPARK",,"eUnlockItemId_NAMEPLATE_GUILTY_SPARK",,"$NAMEPLATE_GUILTY_SPARK_LOCK"
"163","PlayerIDNamePlate_244","$NAMEPLATE_343",,"eUnlockItemId_NAMEPLATE_343",,"$NAMEPLATE_343_LOCK"
"164","PlayerIDNamePlate_245","$NAMEPLATE_FLAIR",,"eUnlockItemId_NAMEPLATE_FLAIR",,"$NAMEPLATE_FLAIR_LOCK"
"169","PlayerIDNamePlate_246","$nameplate_mcc_goldhelmet",,"eUnlockItemId_NAMEPLATE_GOLD",,"$NAMEPLATE_GRANTED_LOCK"
"170","PlayerIDNamePlate_247","$NAMEPLATE_HCS_TEXT",,,,
"171","PlayerIDNamePlate_248","$NAMEPLATE_FRONK_TEXT",,"eUnlockItemId_NAMEPLATE_MVP",,"$NAMEPLATE_GRANTED_LOCK"
"172","PlayerIDNamePlate_249","$NAMEPLATE_UNSC_TEXT",,"eUnlockItemId_NAMEPLATE_UNSC",,"$NAMEPLATE_GRANTED_LOCK"
"173","PlayerIDNamePlate_250","$NAMEPLATE_FIRTH",,"eUnlockItemId_NAMEPLATE_FIRTH",,"$NAMEPLATE_GRANTED_LOCK"
"174","PlayerIDNamePlate_251","$nameplate_keep_it_clean_blue",,"eUnlockItemId_nameplate_keep_it_clean_blue","true","$NAMEPLATE_KEEP_IT_CLEAN_BLUE_LOCK"
"175","PlayerIDNamePlate_252","$nameplate_keep_it_clean_bronze",,"eUnlockItemId_nameplate_keep_it_clean_bronze",,"$NAMEPLATE_KEEP_IT_CLEAN_BRONZE_LOCK"
"176","PlayerIDNamePlate_253","$nameplate_keep_it_clean_silver",,"eUnlockItemId_nameplate_keep_it_clean_silver",,"$NAMEPLATE_KEEP_IT_CLEAN_SILVER_LOCK"
"177","PlayerIDNamePlate_254","$nameplate_keep_it_clean_gold",,"eUnlockItemId_nameplate_keep_it_clean_gold",,"$NAMEPLATE_KEEP_IT_CLEAN_GOLD_LOCK"
"178","PlayerIDNamePlate_255","$nameplate_keep_it_clean_platinum",,"eUnlockItemId_nameplate_keep_it_clean_platinum",,"$NAMEPLATE_KEEP_IT_CLEAN_PLATINUM_LOCK"
"179","PlayerIDNamePlate_256","$nameplate_superintendant_blue",,"eUnlockItemId_nameplate_superintendant_blue","true","$NAMEPLATE_SUPERINTENDENT_BLUE_LOCK"
"180","PlayerIDNamePlate_257","$nameplate_superintendant_bronze",,"eUnlockItemId_nameplate_superintendant_bronze",,"$NAMEPLATE_SUPERINTENDENT_BRONZE_LOCK"
"181","PlayerIDNamePlate_258","$nameplate_superintendant_silver",,"eUnlockItemId_nameplate_superintendant_silver",,"$NAMEPLATE_SUPERINTENDENT_SILVER_LOCK"
"182","PlayerIDNamePlate_259","$nameplate_superintendant_gold",,"eUnlockItemId_nameplate_superintendant_gold",,"$NAMEPLATE_SUPERINTENDENT_GOLD_LOCK"
"183","PlayerIDNamePlate_260","$nameplate_superintendant_platinum",,"eUnlockItemId_nameplate_superintendant_platinum",,"$NAMEPLATE_SUPERINTENDENT_PLATINUM_LOCK"
"184","PlayerIDNamePlate_261","$nameplate_new_mombasa_blue",,"eUnlockItemId_nameplate_new_mombasa_blue","true","$NAMEPLATE_NEW_MOMBASA_BLUE_LOCK"
"185","PlayerIDNamePlate_262","$nameplate_new_mombasa_bronze",,"eUnlockItemId_nameplate_new_mombasa_bronze",,"$NAMEPLATE_NEW_MOMBASA_BRONZE_LOCK"
"186","PlayerIDNamePlate_263","$nameplate_new_mombasa_silver",,"eUnlockItemId_nameplate_new_mombasa_silver",,"$NAMEPLATE_NEW_MOMBASA_SILVER_LOCK"
"187","PlayerIDNamePlate_264","$nameplate_new_mombasa_gold",,"eUnlockItemId_nameplate_new_mombasa_gold",,"$NAMEPLATE_NEW_MOMBASA_GOLD_LOCK"
"188","PlayerIDNamePlate_265","$nameplate_new_mombasa_platinum",,"eUnlockItemId_nameplate_new_mombasa_platinum",,"$NAMEPLATE_NEW_MOMBASA_PLATINUM_LOCK"
"189","PlayerIDNamePlate_266","$NAMEPLATE_EARLY_MCC_INSIDER",,"eUnlockItemId_NAMEPLATE_EARLY_MCC_INSIDER",,"$NAMEPLATE_GRANTED_LOCK"
"190","PlayerIDNamePlate_267","$NAMEPLATE_MCC_INSIDER_PLUS",,"eUnlockItemId_NAMEPLATE_MCC_INSIDER_PLUS",,"$NAMEPLATE_GRANTED_LOCK"
"191","PlayerIDNamePlate_268","$NAMEPLATE_PTR_MVP",,"eUnlockItemId_NAMEPLATE_PTR_MVP",,"$NAMEPLATE_GRANTED_LOCK"
"192","PlayerIDNamePlate_269","$NAMEPLATE_COMMUNITY_MVP",,"eUnlockItemId_NAMEPLATE_COMMUNITY_MVP",,"$NAMEPLATE_GRANTED_LOCK"
"193","PlayerIDNamePlate_270","$NAMEPLATE_HCS_PRO_NEW",,"eUnlockItemId_NAMEPLATE_HCS_PRO_NEW",,"$NAMEPLATE_GRANTED_LOCK"
"194","PlayerIDNamePlate_271","$NAMEPLATE_HCS_GOLD",,"eUnlockItemId_NAMEPLATE_HCS_GOLD",,"$NAMEPLATE_GRANTED_LOCK"
"195","PlayerIDNamePlate_272","$NAMEPLATE_FIRETEAM_RAVEN",,"eUnlockItemId_NAMEPLATE_FIRETEAM_RAVEN",,"$NAMEPLATE_GRANTED_LOCK"
"196","PlayerIDNamePlate_273","$NAMEPLATE_COMMUNITY_SPOTLIGHT_FIRE",,"eUnlockItemId_NAMEPLATE_COMMUNITY_SPOTLIGHT_FIRE",,"$NAMEPLATE_GRANTED_LOCK"
"197","PlayerIDNamePlate_274","$NAMEPLATE_COMMUNITY_343_HEADHUNTER_ICE",,"eUnlockItemId_NAMEPLATE_COMMUNITY_343_HEADHUNTER_ICE",,"$NAMEPLATE_GRANTED_LOCK"
"198","PlayerIDNamePlate_275","$NAMEPLATE_CARTOGRAPHER",,"eUnlockItemId_NAMEPLATE_CARTOGRAPHER",,"$NAMEPLATE_GRANTED_LOCK"
"199","PlayerIDNamePlate_276","$NAMEPLATE_SPIRIT_OF_FIRE",,"eUnlockItemId_NAMEPLATE_SPIRIT_OF_FIRE",,"$NAMEPLATE_GRANTED_LOCK"
"200","PlayerIDNamePlate_277","$NAMEPLATE_BANISHED",,"eUnlockItemId_NAMEPLATE_BANISHED",,"$NAMEPLATE_GRANTED_LOCK"
"201","PlayerIDNamePlate_278","$NAMEPLATE_FLOOD",,"eUnlockItemId_NAMEPLATE_FLOOD",,"$NAMEPLATE_GRANTED_LOCK"
"202","PlayerIDNamePlate_279","$NAMEPLATE_GUARDIANS",,"eUnlockItemId_NAMEPLATE_GUARDIANS",,"$NAMEPLATE_GUARDIANS_LOCK"
"203","PlayerIDNamePlate_280","$NAMEPLATE_APOLLO",,"eUnlockItemId_NAMEPLATE_APOLLO",,"$NAMEPLATE_GRANTED_LOCK"
"204","PlayerIDNamePlate_281","$NAMEPLATE_BOAT_COPS",,"eUnlockItemId_NAMEPLATE_BOAT_COPS",,"$NAMEPLATE_GRANTED_LOCK"
"205","PlayerIDNamePlate_282","$NAMEPLATE_DREAMHACK",,"eUnlockItemId_NAMEPLATE_DREAMHACK",,"$NAMEPLATE_GRANTED_LOCK"
"206","PlayerIDNamePlate_283","$NAMEPLATE_DMR",,"eUnlockItemId_NAMEPLATE_DMR",,"$NAMEPLATE_DMR_LOCK"
"207","PlayerIDNamePlate_284","$NAMEPLATE_ONI",,"eUnlockItemId_NAMEPLATE_ONI",,"$NAMEPLATE_ONI_LOCK"
"208","PlayerIDNamePlate_285","$NAMEPLATE_JUN",,"eUnlockItemId_NAMEPLATE_JUN",,"$NAMEPLATE_JUN_LOCK"
"209","PlayerIDNamePlate_286","$NAMEPLATE_GRENADE_LAUNCHER",,"eUnlockItemId_NAMEPLATE_GRENADE_LAUNCHER",,"$NAMEPLATE_GRENADE_LAUNCHER_LOCK"
"210","PlayerIDNamePlate_287","$NAMEPLATE_JORGE",,"eUnlockItemId_NAMEPLATE_JORGE",,"$NAMEPLATE_JORGE_LOCK"
"211","PlayerIDNamePlate_288","$NAMEPLATE_FALCON",,"eUnlockItemId_NAMEPLATE_FALCON",,"$NAMEPLATE_FALCON_LOCK"
"212","PlayerIDNamePlate_289","$NAMEPLATE_KAT",,"eUnlockItemId_NAMEPLATE_KAT",,"$NAMEPLATE_KAT_LOCK"
"213","PlayerIDNamePlate_290","$NAMEPLATE_CARTER",,"eUnlockItemId_NAMEPLATE_CARTER",,"$NAMEPLATE_CARTER_LOCK"
"214","PlayerIDNamePlate_291","$NAMEPLATE_EMILE",,"eUnlockItemId_NAMEPLATE_EMILE",,"$NAMEPLATE_EMILE_LOCK"
"215","PlayerIDNamePlate_292","$NAMEPLATE_HALO_REACH",,"eUnlockItemId_NAMEPLATE_HALO_REACH",,"$NAMEPLATE_HALO_REACH_LOCK"
"216","PlayerIDNamePlate_293","$NAMEPLATE_AUNTIE_DOT",,"eUnlockItemId_NAMEPLATE_AUNTIE_DOT",,"$NAMEPLATE_AUNTIE_DOT_LOCK"
"217","PlayerIDNamePlate_294","$NAMEPLATE_FIREFIGHT",,"eUnlockItemId_NAMEPLATE_FIREFIGHT",,"$NAMEPLATE_FIREFIGHT_LOCK"
"218","PlayerIDNamePlate_295","$NAMEPLATE_HEADHUNTER",,"eUnlockItemId_NAMEPLATE_HEADHUNTER",,"$NAMEPLATE_HEADHUNTER_LOCK"
"219","PlayerIDNamePlate_296","$NAMEPLATE_FORKLIFT",,"eUnlockItemId_NAMEPLATE_FORKLIFT",,"$NAMEPLATE_FORKLIFT_LOCK"
"220","PlayerIDNamePlate_297","$NAMEPLATE_INVASION",,"eUnlockItemId_NAMEPLATE_INVASION",,"$NAMEPLATE_INVASION_LOCK"
"221","PlayerIDNamePlate_298","$NAMEPLATE_REMEMBER_REACH",,"eUnlockItemId_NAMEPLATE_REMEMBER_REACH",,"$NAMEPLATE_REMEMBER_REACH_LOCK"
"222","PlayerIDNamePlate_299","$NAMEPLATE_SKIRMISHER",,"eUnlockItemId_NAMEPLATE_SKIRMISHER",,"$NAMEPLATE_SKIRMISHER_LOCK"
"223","PlayerIDNamePlate_300","$NAMEPLATE_ASSASSIN",,"eUnlockItemId_NAMEPLATE_ASSASSIN",,"$NAMEPLATE_ASSASSIN_LOCK"
"224","PlayerIDNamePlate_301","$NAMEPLATE_MOA",,"eUnlockItemId_NAMEPLATE_MOA",,"$NAMEPLATE_MOA_LOCK"
"225","PlayerIDNamePlate_302","$NAMEPLATE_PLANET",,"eUnlockItemId_NAMEPLATE_PLANET",,"$NAMEPLATE_PLANET_LOCK"
"226","PlayerIDNamePlate_303","$NAMEPLATE_VSWORLD",,"eUnlockItemId_NAMEPLATE_VSWORLD",,"$NAMEPLATE_GRANTED_LOCK"
"227","PlayerIDNamePlate_304","$NAMEPLATE_VSWORLDWIN",,"eUnlockItemId_NAMEPLATE_VSWORLDWIN",,"$NAMEPLATE_GRANTED_LOCK"
"228","PlayerIDNamePlate_305","$NAMEPLATE_MCC_INSIDER_PC",,"eUnlockItemId_NAMEPLATE_MCC_INSIDER_PC",,"$NAMEPLATE_GRANTED_LOCK"
"229","PlayerIDNamePlate_306","$NAMEPLATE_FOCUS_RIFLE",,"eUnlockItemId_NAMEPLATE_FOCUS_RIFLE",,"$NAMEPLATE_FOCUS_RIFLE_LOCK"
"230","PlayerIDNamePlate_307","$NAMEPLATE_WINTER_CONTINGENCY",,"eUnlockItemId_NAMEPLATE_WINTER_CONTINGENCY",,"$NAMEPLATE_WINTER_CONTINGENCY_LOCK"
"231","PlayerIDNamePlate_308","$NAMEPLATE_BHM",,"eUnlockItemId_NAMEPLATE_BHM",,"$NAMEPLATE_GRANTED_LOCK"
"232","PlayerIDNamePlate_378","$NAMEPLATE_UNITY1",,"eUnlockItemId_NAMEPLATE_UNITY1",,"$NAMEPLATE_GRANTED_LOCK"
"233","PlayerIDNamePlate_379","$NAMEPLATE_UNITY2",,"eUnlockItemId_NAMEPLATE_UNITY2",,"$NAMEPLATE_GRANTED_LOCK"
"234","PlayerIDNamePlate_309","$NAMEPLATE_BEACHLIFE",,"eUnlockItemId_NAMEPLATE_BEACHLIFE",,"$NAMEPLATE_GRANTED_LOCK"
"235","PlayerIDNamePlate_310","$NAMEPLATE_H1ANNIVERSARY",,"eUnlockItemId_NAMEPLATE_H1ANNIVERSARY",,"$NAMEPLATE_SEASON_LOCK"
"236","PlayerIDNamePlate_311","$NAMEPLATE_H1CHIEF",,"eUnlockItemId_NAMEPLATE_H1CHIEF",,"$NAMEPLATE_SEASON_LOCK"
"237","PlayerIDNamePlate_312","$NAMEPLATE_H1CORTANA",,"eUnlockItemId_NAMEPLATE_H1CORTANA",,"$NAMEPLATE_SEASON_LOCK"
"238","PlayerIDNamePlate_313","$NAMEPLATE_H1GUILTYSPARK",,"eUnlockItemId_NAMEPLATE_H1GUILTYSPARK",,"$NAMEPLATE_SEASON_LOCK"
"239","PlayerIDNamePlate_314","$NAMEPLATE_H1JOHNSON",,"eUnlockItemId_NAMEPLATE_H1JOHNSON",,"$NAMEPLATE_SEASON_LOCK"
"240","PlayerIDNamePlate_315","$NAMEPLATE_H1CHIEF2",,"eUnlockItemId_NAMEPLATE_H1CHIEF2",,"$NAMEPLATE_SEASON_LOCK"
"241","PlayerIDNamePlate_316","$NAMEPLATE_H2ANNIVERSARY",,"eUnlockItemId_NAMEPLATE_H2ANNIVERSARY",,"$NAMEPLATE_SEASON_LOCK"
"242","PlayerIDNamePlate_317","$NAMEPLATE_H2FORERUNNER",,"eUnlockItemId_NAMEPLATE_H2FORERUNNER",,"$NAMEPLATE_SEASON_LOCK"
"243","PlayerIDNamePlate_318","$NAMEPLATE_H2CHIEF",,"eUnlockItemId_NAMEPLATE_H2CHIEF",,"$NAMEPLATE_SEASON_LOCK"
"244","PlayerIDNamePlate_319","$NAMEPLATE_H2VISID",,"eUnlockItemId_NAMEPLATE_H2VISID",,"$NAMEPLATE_SEASON_LOCK"
"245","PlayerIDNamePlate_320","$NAMEPLATE_H2RING",,"eUnlockItemId_NAMEPLATE_H2RING",,"$NAMEPLATE_SEASON_LOCK"
"246","PlayerIDNamePlate_321","$NAMEPLATE_H3ARK",,"eUnlockItemId_NAMEPLATE_H3ARK",,"$NAMEPLATE_SEASON_LOCK"
"247","PlayerIDNamePlate_322","$NAMEPLATE_H3BROMANCE",,"eUnlockItemId_NAMEPLATE_H3BROMANCE",,"$NAMEPLATE_GRANTED_LOCK"
"248","PlayerIDNamePlate_323","$NAMEPLATE_H3WARTHOG",,"eUnlockItemId_NAMEPLATE_H3WARTHOG",,"$NAMEPLATE_SEASON_LOCK"
"249","PlayerIDNamePlate_324","$NAMEPLATE_H3BUBBLESHIELD",,"eUnlockItemId_NAMEPLATE_H3BUBBLESHIELD",,"$NAMEPLATE_SEASON_LOCK"
"250","PlayerIDNamePlate_325","$NAMEPLATE_H3CHASM",,"eUnlockItemId_NAMEPLATE_H3CHASM",,"$NAMEPLATE_SEASON_LOCK"
"251","PlayerIDNamePlate_326","$NAMEPLATE_H3JOHNSON",,"eUnlockItemId_NAMEPLATE_H3JOHNSON",,"$NAMEPLATE_SEASON_LOCK"
"252","PlayerIDNamePlate_327","$NAMEPLATE_H3KEYES",,"eUnlockItemId_NAMEPLATE_H3KEYES",,"$NAMEPLATE_SEASON_LOCK"
"253","PlayerIDNamePlate_328","$NAMEPLATE_H3PELICANFRONT",,"eUnlockItemId_NAMEPLATE_H3PELICANFRONT",,"$NAMEPLATE_SEASON_LOCK"
"254","PlayerIDNamePlate_329","$NAMEPLATE_H3PELICANSIDE",,"eUnlockItemId_NAMEPLATE_H3PELICANSIDE",,"$NAMEPLATE_SEASON_LOCK"
"255","PlayerIDNamePlate_330","$NAMEPLATE_H3LEGENDARY",,"eUnlockItemId_NAMEPLATE_H3LEGENDARY",,"$NAMEPLATE_SEASON_LOCK"
"256","PlayerIDNamePlate_331","$NAMEPLATE_H3CHIEF",,"eUnlockItemId_NAMEPLATE_H3CHIEF",,"$NAMEPLATE_SEASON_LOCK"
"257","PlayerIDNamePlate_332","$NAMEPLATE_WARTHOGTREAD",,"eUnlockItemId_NAMEPLATE_WARTHOGTREAD",,"$NAMEPLATE_GRANTED_LOCK"
"258","PlayerIDNamePlate_333","$NAMEPLATE_GATORCHOPS",,"eUnlockItemId_NAMEPLATE_GATORCHOPS",,"$NAMEPLATE_GRANTED_LOCK"
"259","PlayerIDNamePlate_334","$NAMEPLATE_POISONOUS",,"eUnlockItemId_NAMEPLATE_POISONOUS",,"$NAMEPLATE_SEASON_LOCK"
"260","PlayerIDNamePlate_335","$NAMEPLATE_SHARKTEETH",,"eUnlockItemId_NAMEPLATE_SHARKTEETH",,"$NAMEPLATE_SEASON_LOCK"
"261","PlayerIDNamePlate_336","$NAMEPLATE_SNAKESKIN",,"eUnlockItemId_NAMEPLATE_SNAKESKIN",,"$NAMEPLATE_GRANTED_LOCK"
"262","PlayerIDNamePlate_337","$NAMEPLATE_SNOWLEOPARD",,"eUnlockItemId_NAMEPLATE_SNOWLEOPARD",,"$NAMEPLATE_SEASON_LOCK"
"263","PlayerIDNamePlate_338","$NAMEPLATE_SPIDERWEB",,"eUnlockItemId_NAMEPLATE_SPIDERWEB",,"$NAMEPLATE_GRANTED_LOCK"
"264","PlayerIDNamePlate_339","$NAMEPLATE_WHITETIGER",,"eUnlockItemId_NAMEPLATE_WHITETIGER",,"$NAMEPLATE_GRANTED_LOCK"
"265","PlayerIDNamePlate_340","$NAMEPLATE_REACHMETAL",,"eUnlockItemId_NAMEPLATE_REACHMETAL",,"$NAMEPLATE_SEASON_LOCK"
"266","PlayerIDNamePlate_341","$NAMEPLATE_SHOTGUNSHELL",,"eUnlockItemId_NAMEPLATE_SHOTGUNSHELL",,"$NAMEPLATE_GRANTED_LOCK"
"267","PlayerIDNamePlate_342","$NAMEPLATE_CLIPTROCITY",,"eUnlockItemId_NAMEPLATE_CLIPTROCITY",,"$NAMEPLATE_GRANTED_LOCK"
"268","PlayerIDNamePlate_343","$NAMEPLATE_SPARTANHELMET",,"eUnlockItemId_NAMEPLATE_SPARTANHELMET",,"$NAMEPLATE_SEASON_LOCK"
"269","PlayerIDNamePlate_344","$NAMEPLATE_STUDDED",,"eUnlockItemId_NAMEPLATE_STUDDED",,"$NAMEPLATE_SEASON_LOCK"
"270","PlayerIDNamePlate_345","$NAMEPLATE_TANKTREAD",,"eUnlockItemId_NAMEPLATE_TANKTREAD",,"$NAMEPLATE_GRANTED_LOCK"
"271","PlayerIDNamePlate_346","$NAMEPLATE_TIGERSTRIPE",,"eUnlockItemId_NAMEPLATE_TIGERSTRIPE",,"$NAMEPLATE_SEASON_LOCK"
"272","PlayerIDNamePlate_347","$NAMEPLATE_CRACKEDVISOR",,"eUnlockItemId_NAMEPLATE_CRACKEDVISOR",,"$NAMEPLATE_SEASON_LOCK"
"273","PlayerIDNamePlate_348","$NAMEPLATE_WOODLANDCAMO",,"eUnlockItemId_NAMEPLATE_WOODLANDCAMO",,"$NAMEPLATE_SEASON_LOCK"
"274","PlayerIDNamePlate_349","$NAMEPLATE_POCKETCAMO",,"eUnlockItemId_NAMEPLATE_POCKETCAMO",,"$NAMEPLATE_GRANTED_LOCK"
"275","PlayerIDNamePlate_350","$NAMEPLATE_117ARMOR",,"eUnlockItemId_NAMEPLATE_117ARMOR",,"$NAMEPLATE_SEASON_LOCK"
"276","PlayerIDNamePlate_351","$NAMEPLATE_ASSASSIN",,"eUnlockItemId_NAMEPLATE_ASSASSINALT",,"$NAMEPLATE_SEASON_LOCK"
"277","PlayerIDNamePlate_352","$NAMEPLATE_BACON",,"eUnlockItemId_NAMEPLATE_BACON",,"$NAMEPLATE_SEASON_LOCK"
"278","PlayerIDNamePlate_353","$NAMEPLATE_BANDAGE",,"eUnlockItemId_NAMEPLATE_BANDAGE",,"$NAMEPLATE_SEASON_LOCK"
"279","PlayerIDNamePlate_354","$NAMEPLATE_BLUESPLATTER",,"eUnlockItemId_NAMEPLATE_BLUESPLATTER",,"$NAMEPLATE_SEASON_LOCK"
"280","PlayerIDNamePlate_355","$NAMEPLATE_GREENSPLATTER",,"eUnlockItemId_NAMEPLATE_GREENSPLATTER",,"$NAMEPLATE_SEASON_LOCK"
"281","PlayerIDNamePlate_356","$NAMEPLATE_PINKSPLATTER",,"eUnlockItemId_NAMEPLATE_PINKSPLATTER",,"$NAMEPLATE_SEASON_LOCK"
"282","PlayerIDNamePlate_357","$NAMEPLATE_BULLETHOLES",,"eUnlockItemId_NAMEPLATE_BULLETHOLES",,"$NAMEPLATE_SEASON_LOCK"
"283","PlayerIDNamePlate_358","$NAMEPLATE_BULLETLINE",,"eUnlockItemId_NAMEPLATE_BULLETLINE",,"$NAMEPLATE_SEASON_LOCK"
"284","PlayerIDNamePlate_359","$NAMEPLATE_BULLETPILE",,"eUnlockItemId_NAMEPLATE_BULLETPILE",,"$NAMEPLATE_SEASON_LOCK"
"285","PlayerIDNamePlate_360","$NAMEPLATE_BULLETSTACK",,"eUnlockItemId_NAMEPLATE_BULLETSTACK",,"$NAMEPLATE_SEASON_LOCK"
"286","PlayerIDNamePlate_361","$NAMEPLATE_CARTOONA",,"eUnlockItemId_NAMEPLATE_CARTOONA",,"$NAMEPLATE_SEASON_LOCK"
"287","PlayerIDNamePlate_362","$NAMEPLATE_CHIEFANDCORTANA",,"eUnlockItemId_NAMEPLATE_CHIEFANDCORTANA",,"$NAMEPLATE_SEASON_LOCK"
"288","PlayerIDNamePlate_363","$NAMEPLATE_CORTANAEYES",,"eUnlockItemId_NAMEPLATE_CORTANAEYES",,"$NAMEPLATE_SEASON_LOCK"
"289","PlayerIDNamePlate_364","$NAMEPLATE_COVHEX",,"eUnlockItemId_NAMEPLATE_COVHEX",,"$NAMEPLATE_SEASON_LOCK"
"290","PlayerIDNamePlate_365","$NAMEPLATE_COWBOYSHELLS",,"eUnlockItemId_NAMEPLATE_COWBOYSHELLS",,"$NAMEPLATE_SEASON_LOCK"
"291","PlayerIDNamePlate_366","$NAMEPLATE_CROCKSKIN",,"eUnlockItemId_NAMEPLATE_CROCKSKIN",,"$NAMEPLATE_GRANTED_LOCK"
"292","PlayerIDNamePlate_367","$NAMEPLATE_DEADEND",,"eUnlockItemId_NAMEPLATE_DEADEND",,"$NAMEPLATE_GRANTED_LOCK"
"293","PlayerIDNamePlate_368","$NAMEPLATE_DIAMONDPLATE",,"eUnlockItemId_NAMEPLATE_DIAMONDPLATE",,"$NAMEPLATE_SEASON_LOCK"
"294","PlayerIDNamePlate_369","$NAMEPLATE_DINOTRACKER",,"eUnlockItemId_NAMEPLATE_DINOTRACKER",,"$NAMEPLATE_SEASON_LOCK"
"295","PlayerIDNamePlate_370","$NAMEPLATE_ELITEEYES",,"eUnlockItemId_NAMEPLATE_ELITEEYES",,"$NAMEPLATE_SEASON_LOCK"
"296","PlayerIDNamePlate_371","$NAMEPLATE_HALOO",,"eUnlockItemId_NAMEPLATE_HALOO",,"$NAMEPLATE_SEASON_LOCK"
"297","PlayerIDNamePlate_372","$NAMEPLATE_MCCHELMET",,"eUnlockItemId_NAMEPLATE_MCCHELMET",,"$NAMEPLATE_SEASON_LOCK"
"298","PlayerIDNamePlate_373","$NAMEPLATE_MJOLNIR",,"eUnlockItemId_NAMEPLATE_MJOLNIR",,"$NAMEPLATE_GRANTED_LOCK"
"299","PlayerIDNamePlate_374","$NAMEPLATE_NOENTRY",,"eUnlockItemId_NAMEPLATE_NOENTRY",,"$NAMEPLATE_SEASON_LOCK"
"300","PlayerIDNamePlate_375","$NAMEPLATE_H3ODSTVISID",,"eUnlockItemId_NAMEPLATE_H3ODSTVISID",,"$NAMEPLATE_SEASON_LOCK"
"301","PlayerIDNamePlate_376","$NAMEPLATE_MCCPC",,"eUnlockItemId_NAMEPLATE_MCCPC",,"$NAMEPLATE_SEASON_LOCK"
"302","PlayerIDNamePlate_377","$NAMEPLATE_PHALANX",,"eUnlockItemId_NAMEPLATE_PHALANX",,"$NAMEPLATE_GRANTED_LOCK"
"303","PlayerIDNamePlate_380","$NAMEPLATE_CLIPTHAT",,"eUnlockItemId_NAMEPLATE_CLIPTHAT",,"$NAMEPLATE_GRANTED_LOCK"
"304","PlayerIDNamePlate_381","$NAMEPLATE_FIST",,"eUnlockItemId_NAMEPLATE_FIST",,"$NAMEPLATE_GRANTED_LOCK"
"305","PlayerIDNamePlate_382","$NAMEPLATE_AWAKENING",,"eUnlockItemId_NAMEPLATE_AWAKENING",,"$NAMEPLATE_SEASON_LOCK"
"306","PlayerIDNamePlate_383","$NAMEPLATE_ADORNEDMITTS",,"eUnlockItemId_NAMEPLATE_ADORNEDMITTS",,"$NAMEPLATE_SEASON_LOCK"
"307","PlayerIDNamePlate_384","$NAMEPLATE_RUBRICAE",,"eUnlockItemId_NAMEPLATE_RUBRICAE",,"$NAMEPLATE_GRANTED_LOCK"
"308","PlayerIDNamePlate_385","$NAMEPLATE_TILERFILER",,"eUnlockItemId_NAMEPLATE_TILERFILER",,"$NAMEPLATE_SEASON_LOCK"
"309","PlayerIDNamePlate_386","$NAMEPLATE_KUP",,"eUnlockItemId_NAMEPLATE_KUP",,"$NAMEPLATE_SEASON_LOCK"
"310","PlayerIDNamePlate_387","$NAMEPLATE_BATTLEWORN",,"eUnlockItemId_NAMEPLATE_BATTLEWORN",,"$NAMEPLATE_SEASON_LOCK"
"311","PlayerIDNamePlate_388","$NAMEPLATE_OMEN",,"eUnlockItemId_NAMEPLATE_OMEN",,"$NAMEPLATE_SEASON_LOCK"
"312","PlayerIDNamePlate_389","$NAMEPLATE_NIGHTWALK",,"eUnlockItemId_NAMEPLATE_NIGHTWALK",,"$NAMEPLATE_SEASON_LOCK"
"313","PlayerIDNamePlate_390","$NAMEPLATE_CORSAIRS",,"eUnlockItemId_NAMEPLATE_CORSAIRS",,"$NAMEPLATE_SEASON_LOCK"
"314","PlayerIDNamePlate_391","$NAMEPLATE_MAXSAX",,"eUnlockItemId_NAMEPLATE_MAXSAX",,"$NAMEPLATE_SEASON_LOCK"
"315","PlayerIDNamePlate_392","$NAMEPLATE_NEWMOMBASA",,"eUnlockItemId_NAMEPLATE_NEWMOMBASA",,"$NAMEPLATE_SEASON_LOCK"
"316","PlayerIDNamePlate_393","$NAMEPLATE_ODST",,"eUnlockItemId_NAMEPLATE_ODST",,"$NAMEPLATE_SEASON_LOCK"
"317","PlayerIDNamePlate_394","$NAMEPLATE_RIPPLES",,"eUnlockItemId_NAMEPLATE_RIPPLES",,"$NAMEPLATE_SEASON_LOCK"
"318","PlayerIDNamePlate_395","$NAMEPLATE_HELLJUMPERS",,"eUnlockItemId_NAMEPLATE_HELLJUMPERS",,"$NAMEPLATE_SEASON_LOCK"
"319","PlayerIDNamePlate_396","$NAMEPLATE_THELIFE",,"eUnlockItemId_NAMEPLATE_THELIFE",,"$NAMEPLATE_SEASON_LOCK"
"320","PlayerIDNamePlate_397","$NAMEPLATE_CAPTAINKEYS",,"eUnlockItemId_NAMEPLATE_CAPTAINKEYS",,"$NAMEPLATE_SEASON_LOCK"
"321","PlayerIDNamePlate_398","$NAMEPLATE_THEMAW",,"eUnlockItemId_NAMEPLATE_THEMAW",,"$NAMEPLATE_SEASON_LOCK"
"322","PlayerIDNamePlate_399","$NAMEPLATE_M7S",,"eUnlockItemId_NAMEPLATE_M7S",,"$NAMEPLATE_SEASON_LOCK"
"323","PlayerIDNamePlate_400","$NAMEPLATE_BIP",,"eUnlockItemId_NAMEPLATE_BIP",,"$NAMEPLATE_SEASON_LOCK"
"324","PlayerIDNamePlate_401","$NAMEPLATE_SHOCKTROOPS",,"eUnlockItemId_NAMEPLATE_SHOCKTROOPS",,"$NAMEPLATE_SEASON_LOCK"
"325","PlayerIDNamePlate_402","$NAMEPLATE_PIZZATIME",,"eUnlockItemId_NAMEPLATE_PIZZATIME",,"$NAMEPLATE_SEASON_LOCK"
"326","PlayerIDNamePlate_403","$NAMEPLATE_REMEMBERREACH",,"eUnlockItemId_NAMEPLATE_REMEMBERREACH",,"$NAMEPLATE_SEASON_LOCK"
"327","PlayerIDNamePlate_404","$NAMEPLATE_SWIFTANDQUIET",,"eUnlockItemId_NAMEPLATE_SWIFTANDQUIET",,"$NAMEPLATE_SEASON_LOCK"
"328","PlayerIDNamePlate_405","$NAMEPLATE_MAGNUMBLAST",,"eUnlockItemId_NAMEPLATE_MAGNUMBLAST",,"$NAMEPLATE_SEASON_LOCK"
"329","PlayerIDNamePlate_406","$NAMEPLATE_BURSTFIRE",,"eUnlockItemId_NAMEPLATE_BURSTFIRE",,"$NAMEPLATE_GRANTED_LOCK"
"330","PlayerIDNamePlate_407","$NAMEPLATE_LICENSETOKILLTACULAR",,"eUnlockItemId_NAMEPLATE_LICENSETOKILLTACULAR",,"$NAMEPLATE_GRANTED_LOCK"
"331","PlayerIDNamePlate_408","$NAMEPLATE_THEROOKIE",,"eUnlockItemId_NAMEPLATE_THEROOKIE",,"$NAMEPLATE_SEASON_LOCK"
"332","PlayerIDNamePlate_409","$NAMEPLATE_HALFJAW",,"eUnlockItemId_NAMEPLATE_HALFJAW",,"$NAMEPLATE_SEASON_LOCK"
"333","PlayerIDNamePlate_410","$NAMEPLATE_STARRYKNIGHT",,"eUnlockItemId_NAMEPLATE_STARRYKNIGHT",,"$NAMEPLATE_GRANTED_LOCK"
"334","PlayerIDNamePlate_411","$NAMEPLATE_REQUIEM",,"eUnlockItemId_NAMEPLATE_REQUIEM",,"$NAMEPLATE_SEASON_LOCK"
"335","PlayerIDNamePlate_412","$NAMEPLATE_WRECKAGE",,"eUnlockItemId_NAMEPLATE_WRECKAGE",,"$NAMEPLATE_SEASON_LOCK"
"336","PlayerIDNamePlate_413","$NAMEPLATE_DIDACTIC",,"eUnlockItemId_NAMEPLATE_DIDACTIC",,"$NAMEPLATE_SEASON_LOCK"
"337","PlayerIDNamePlate_414","$NAMEPLATE_PARGVOL",,"eUnlockItemId_NAMEPLATE_PARGVOL",,"$NAMEPLATE_SEASON_LOCK"
"338","PlayerIDNamePlate_415","$NAMEPLATE_QUATTRO",,"eUnlockItemId_NAMEPLATE_QUATTRO",,"$NAMEPLATE_SEASON_LOCK"
"339","PlayerIDNamePlate_416","$NAMEPLATE_KNIGHTTERROR",,"eUnlockItemId_NAMEPLATE_KNIGHTTERROR",,"$NAMEPLATE_SEASON_LOCK"
"340","PlayerIDNamePlate_417","$NAMEPLATE_SYNTHESIS",,"eUnlockItemId_NAMEPLATE_SYNTHESIS",,"$NAMEPLATE_SEASON_LOCK"
"341","PlayerIDNamePlate_418","$NAMEPLATE_IBIESHAN",,"eUnlockItemId_NAMEPLATE_IBIESHAN",,"$NAMEPLATE_SEASON_LOCK"
"342","PlayerIDNamePlate_419","$NAMEPLATE_REMNANTS",,"eUnlockItemId_NAMEPLATE_REMNANTS",,"$NAMEPLATE_SEASON_LOCK"
"343","PlayerIDNamePlate_420","$NAMEPLATE_CARAPACE",,"eUnlockItemId_NAMEPLATE_CARAPACE",,"$NAMEPLATE_SEASON_LOCK"
"344","PlayerIDNamePlate_421","$NAMEPLATE_THRESHOLD",,"eUnlockItemId_NAMEPLATE_THRESHOLD",,"$NAMEPLATE_SEASON_LOCK"
"345","PlayerIDNamePlate_422","$NAMEPLATE_AUGMENTED",,"eUnlockItemId_NAMEPLATE_AUGMENTED",,"$NAMEPLATE_SEASON_LOCK"
"346","PlayerIDNamePlate_423","$NAMEPLATE_COMBATSKIN",,"eUnlockItemId_NAMEPLATE_COMBATSKIN",,"$NAMEPLATE_SEASON_LOCK"
"347","PlayerIDNamePlate_424","$NAMEPLATE_OPPORTUNITY",,"eUnlockItemId_NAMEPLATE_OPPORTUNITY",,"$NAMEPLATE_SEASON_LOCK"
"348","PlayerIDNamePlate_425","$NAMEPLATE_INFINITY",,"eUnlockItemId_NAMEPLATE_INFINITY",,"$NAMEPLATE_SEASON_LOCK"
"349","PlayerIDNamePlate_426","$NAMEPLATE_CRYPTUM",,"eUnlockItemId_NAMEPLATE_CRYPTUM",,"$NAMEPLATE_SEASON_LOCK"
"350","PlayerIDNamePlate_427","$NAMEPLATE_SUNDERED",,"eUnlockItemId_NAMEPLATE_SUNDERED",,"$NAMEPLATE_SEASON_LOCK"
"351","PlayerIDNamePlate_428","$NAMEPLATE_SHADOW",,"eUnlockItemId_NAMEPLATE_SHADOW",,"$NAMEPLATE_GRANTED_LOCK"
"352","PlayerIDNamePlate_429","$NAMEPLATE_LIFESHAPER",,"eUnlockItemId_NAMEPLATE_LIFESHAPER",,"$NAMEPLATE_SEASON_LOCK"
"353","PlayerIDNamePlate_430","$NAMEPLATE_HALSEY",,"eUnlockItemId_NAMEPLATE_HALSEY",,"$NAMEPLATE_SEASON_LOCK"
"354","PlayerIDNamePlate_431","$NAMEPLATE_QUICKDRAW",,"eUnlockItemId_NAMEPLATE_QUICKDRAW",,"$NAMEPLATE_GRANTED_LOCK"
"355","PlayerIDNamePlate_432","$NAMEPLATE_ANNIVERSARY",,"eUnlockItemId_NAMEPLATE_ANNIVERSARY",,"$NAMEPLATE_GRANTED_LOCK"
"356","PlayerIDNamePlate_433","$NAMEPLATE_343DAY",,"eUnlockItemId_NAMEPLATE_343DAY",,"$NAMEPLATE_GRANTED_LOCK"
"357","PlayerIDNamePlate_434","$NAMEPLATE_HALODAYS",,"eUnlockItemId_NAMEPLATE_HALODAYS",,"$NAMEPLATE_GRANTED_LOCK"
"358","PlayerIDNamePlate_435","$NAMEPLATE_MOVEMBER",,"eUnlockItemId_NAMEPLATE_MOVEMBER",,"$NAMEPLATE_GRANTED_LOCK"
"359","PlayerIDNamePlate_436","$NAMEPLATE_VETERAN",,"eUnlockItemId_NAMEPLATE_VETERAN",,"$NAMEPLATE_GRANTED_LOCK"
"360","PlayerIDNamePlate_437","$NAMEPLATE_NNAHM",,"eUnlockItemId_NAMEPLATE_NNAHM",,"$NAMEPLATE_GRANTED_LOCK"
"361","PlayerIDNamePlate_438","$NAMEPLATE_INNERCIRCLE",,"eUnlockItemId_NAMEPLATE_INNERCIRCLE",,"$NAMEPLATE_GRANTED_LOCK"
"362","PlayerIDNamePlate_439","$NAMEPLATE_INFINITE",,"eUnlockItemId_NAMEPLATE_INFINITE",,"$NAMEPLATE_GRANTED_LOCK"
"363","PlayerIDNamePlate_440","$NAMEPLATE_TURKEY",,"eUnlockItemId_NAMEPLATE_TURKEY",,"$NAMEPLATE_GRANTED_LOCK"
"364","PlayerIDNamePlate_441","$NAMEPLATE_BULLET",,"eUnlockItemId_NAMEPLATE_BULLET",,"$NAMEPLATE_SEASON_LOCK"
"365","PlayerIDNamePlate_442","$NAMEPLATE_117DAY2020",,"eUnlockItemId_NAMEPLATE_117DAY2020",,"$NAMEPLATE_GRANTED_LOCK"
"366","PlayerIDNamePlate_443","$NAMEPLATE_ESPORTS_LEGENDARY",,"eUnlockItemId_NAMEPLATE_ESPORTS_LEGENDARY",,"$NAMEPLATE_GRANTED_LOCK"
"367","PlayerIDNamePlate_444","$NAMEPLATE_WOMENSHISTORY2020",,"eUnlockItemId_NAMEPLATE_WOMENSHISTORY2020",,"$NAMEPLATE_GRANTED_LOCK"
"368","PlayerIDNamePlate_445","$NAMEPLATE_BLACKHISTORY2020",,"eUnlockItemId_NAMEPLATE_BLACKHISTORY2020",,"$NAMEPLATE_GRANTED_LOCK"
"370","PlayerIDNamePlate_446","$NAMEPLATE_CONTINGENTWINTER",,"eUnlockItemId_NAMEPLATE_CONTINGENTWINTER",,"$NAMEPLATE_SEASON_LOCK"
"369","PlayerIDNamePlate_447","$NAMEPLATE_PANE",,"eUnlockItemId_NAMEPLATE_PANE",,"$NAMEPLATE_SEASON_LOCK"
"371","PlayerIDNamePlate_448","$NAMEPLATE_BLEND",,"eUnlockItemId_NAMEPLATE_BLEND",,"$NAMEPLATE_SEASON_LOCK"
"372","PlayerIDNamePlate_449","$NAMEPLATE_THROUGHTHEWOODS",,"eUnlockItemId_NAMEPLATE_THROUGHTHEWOODS",,"$NAMEPLATE_SEASON_LOCK"
"373","PlayerIDNamePlate_450","$NAMEPLATE_FORGEDINFLAME",,"eUnlockItemId_NAMEPLATE_FORGEDINFLAME",,"$NAMEPLATE_SEASON_LOCK"
"374","PlayerIDNamePlate_451","$NAMEPLATE_LEGENDARYGAZE",,"eUnlockItemId_NAMEPLATE_LEGENDARYGAZE",,"$NAMEPLATE_SEASON_LOCK"
"375","PlayerIDNamePlate_452","$NAMEPLATE_DOMEROAM",,"eUnlockItemId_NAMEPLATE_DOMEROAM",,"$NAMEPLATE_SEASON_LOCK"
"376","PlayerIDNamePlate_453","$NAMEPLATE_CENTRIPETAL",,"eUnlockItemId_NAMEPLATE_CENTRIPETAL",,"$NAMEPLATE_SEASON_LOCK"
"377","PlayerIDNamePlate_454","$NAMEPLATE_RAVENCAMO",,"eUnlockItemId_NAMEPLATE_RAVENCAMO",,"$NAMEPLATE_SEASON_LOCK"
"378","PlayerIDNamePlate_455","$NAMEPLATE_GLINT",,"eUnlockItemId_NAMEPLATE_GLINT",,"$NAMEPLATE_SEASON_LOCK"
"379","PlayerIDNamePlate_456","$NAMEPLATE_RAVEN",,"eUnlockItemId_NAMEPLATE_RAVEN",,"$NAMEPLATE_SEASON_LOCK"
"380","PlayerIDNamePlate_457","$NAMEPLATE_OLDGUARD",,"eUnlockItemId_NAMEPLATE_OLDGUARD",,"$NAMEPLATE_SEASON_LOCK"
"381","PlayerIDNamePlate_458","$NAMEPLATE_NEWGUARD",,"eUnlockItemId_NAMEPLATE_NEWGUARD",,"$NAMEPLATE_SEASON_LOCK"
"382","PlayerIDNamePlate_459","$NAMEPLATE_GRAVES",,"eUnlockItemId_NAMEPLATE_GRAVES",,"$NAMEPLATE_SEASON_LOCK"
"383","PlayerIDNamePlate_460","$NAMEPLATE_HUDSON",,"eUnlockItemId_NAMEPLATE_HUDSON",,"$NAMEPLATE_SEASON_LOCK"
"384","PlayerIDNamePlate_461","$NAMEPLATE_LANG",,"eUnlockItemId_NAMEPLATE_LANG",,"$NAMEPLATE_SEASON_LOCK"
"385","PlayerIDNamePlate_462","$NAMEPLATE_RAMOS",,"eUnlockItemId_NAMEPLATE_RAMOS",,"$NAMEPLATE_SEASON_LOCK"
"386","PlayerIDNamePlate_463","$NAMEPLATE_SPECIALIZED",,"eUnlockItemId_NAMEPLATE_SPECIALIZED",,"$NAMEPLATE_SEASON_LOCK"
"387","PlayerIDNamePlate_464","$NAMEPLATE_ONGUARD",,"eUnlockItemId_NAMEPLATE_ONGUARD",,"$NAMEPLATE_SEASON_LOCK"
"388","PlayerIDNamePlate_465","$NAMEPLATE_UNDERDOG",,"eUnlockItemId_NAMEPLATE_UNDERDOG",,"$NAMEPLATE_SEASON_LOCK"
"389","PlayerIDNamePlate_466","$NAMEPLATE_NEVERMORE",,"eUnlockItemId_NAMEPLATE_NEVERMORE",,"$NAMEPLATE_SEASON_LOCK"
"390","PlayerIDNamePlate_467","$NAMEPLATE_FEARLESS",,"eUnlockItemId_NAMEPLATE_FEARLESS",,"$NAMEPLATE_SEASON_LOCK"
"391","PlayerIDNamePlate_468","$NAMEPLATE_EVERMORE",,"eUnlockItemId_NAMEPLATE_EVERMORE",,"$NAMEPLATE_SEASON_LOCK"
"392","PlayerIDNamePlate_469","$NAMEPLATE_ANVIL2",,"eUnlockItemId_NAMEPLATE_ANVIL2",,"$NAMEPLATE_SEASON_LOCK"
"393","PlayerIDNamePlate_470","$NAMEPLATE_ANVIL1",,"eUnlockItemId_NAMEPLATE_ANVIL1",,"$NAMEPLATE_SEASON_LOCK"
"394","PlayerIDNamePlate_471","$NAMEPLATE_HOGWILD",,"eUnlockItemId_NAMEPLATE_HOGWILD",,"$NAMEPLATE_GRANTED_LOCK"
"395","PlayerIDNamePlate_472","$NAMEPLATE_VISIBLESPECTRUM",,"eUnlockItemId_NAMEPLATE_VISIBLESPECTRUM",,"$NAMEPLATE_GRANTED_LOCK"
"396","PlayerIDNamePlate_473","$NAMEPLATE_SUBZEROSNIPER",,"eUnlockItemId_NAMEPLATE_SUBZEROSNIPER",,"$NAMEPLATE_GRANTED_LOCK"
"397","PlayerIDNamePlate_474","$NAMEPLATE_FROZENRING",,"eUnlockItemId_NAMEPLATE_FROZENRING",,"$NAMEPLATE_GRANTED_LOCK"
"398","PlayerIDNamePlate_475","$NAMEPLATE_MAUSOLEUM",,"eUnlockItemId_NAMEPLATE_MAUSOLEUM",,"$NAMEPLATE_SEASON_LOCK"
"399","PlayerIDNamePlate_476","$NAMEPLATE_PIXEL_FLAIR",,"eUnlockItemId_NAMEPLATE_PIXEL_FLAIR",,"$NAMEPLATE_SEASON_LOCK"
"400","PlayerIDNamePlate_477","$NAMEPLATE_GRADIENT",,"eUnlockItemId_NAMEPLATE_GRADIENT",,"$NAMEPLATE_SEASON_LOCK"
"401","PlayerIDNamePlate_478","$NAMEPLATE_PALMER",,"eUnlockItemId_NAMEPLATE_PALMER",,"$NAMEPLATE_SEASON_LOCK"
"402","PlayerIDNamePlate_479","$NAMEPLATE_STRIKE",,"eUnlockItemId_NAMEPLATE_STRIKE",,"$NAMEPLATE_SEASON_LOCK"
"403","PlayerIDNamePlate_480","$NAMEPLATE_ASSAULT",,"eUnlockItemId_NAMEPLATE_ASSAULT",,"$NAMEPLATE_SEASON_LOCK"
"404","PlayerIDNamePlate_481","$NAMEPLATE_WREQUIEM",,"eUnlockItemId_NAMEPLATE_WREQUIEM",,"$NAMEPLATE_SEASON_LOCK"
"405","PlayerIDNamePlate_482","$NAMEPLATE_SUPERCOMBINE",,"eUnlockItemId_NAMEPLATE_SUPERCOMBINE",,"$NAMEPLATE_SEASON_LOCK"
"406","PlayerIDNamePlate_483","$NAMEPLATE_MR_LEET",,"eUnlockItemId_NAMEPLATE_MR_LEET",,"$NAMEPLATE_SEASON_LOCK"
"407","PlayerIDNamePlate_484","$NAMEPLATE_MANDIBLE",,"eUnlockItemId_NAMEPLATE_MANDIBLE",,"$NAMEPLATE_SEASON_LOCK"
"408","PlayerIDNamePlate_485","$NAMEPLATE_MARK_OF_LEGENDS",,"eUnlockItemId_NAMEPLATE_MARK_OF_LEGENDS",,"$NAMEPLATE_SEASON_LOCK"
"409","PlayerIDNamePlate_486","$NAMEPLATE_GREEN_SHIFT",,"eUnlockItemId_NAMEPLATE_GREEN_SHIFT",,"$NAMEPLATE_SEASON_LOCK"
"410","PlayerIDNamePlate_487","$NAMEPLATE_RED_SHIFT",,"eUnlockItemId_NAMEPLATE_RED_SHIFT",,"$NAMEPLATE_SEASON_LOCK"
"411","PlayerIDNamePlate_488","$NAMEPLATE_BLUE_SHIFT",,"eUnlockItemId_NAMEPLATE_BLUE_SHIFT",,"$NAMEPLATE_SEASON_LOCK"
"412","PlayerIDNamePlate_489","$NAMEPLATE_ICONS",,"eUnlockItemId_NAMEPLATE_ICONS",,"$NAMEPLATE_SEASON_LOCK"
"413","PlayerIDNamePlate_490","$NAMEPLATE_UNLIKELY_ALLIES",,"eUnlockItemId_NAMEPLATE_UNLIKELY_ALLIES",,"$NAMEPLATE_SEASON_LOCK"
"414","PlayerIDNamePlate_491","$NAMEPLATE_SPEAKING_TRUTH",,"eUnlockItemId_NAMEPLATE_SPEAKING_TRUTH",,"$NAMEPLATE_SEASON_LOCK"
"415","PlayerIDNamePlate_492","$NAMEPLATE_HEAT_OF_BATTLE",,"eUnlockItemId_NAMEPLATE_HEAT_OF_BATTLE",,"$NAMEPLATE_SEASON_LOCK"
"416","PlayerIDNamePlate_493","$NAMEPLATE_REVOLUTION",,"eUnlockItemId_NAMEPLATE_REVOLUTION",,"$NAMEPLATE_SEASON_LOCK"
"417","PlayerIDNamePlate_494","$NAMEPLATE_SOS",,"eUnlockItemId_NAMEPLATE_SOS",,"$NAMEPLATE_SEASON_LOCK"
"418","PlayerIDNamePlate_495","$NAMEPLATE_VICTORY_SPARKS",,"eUnlockItemId_NAMEPLATE_VICTORY_SPARKS",,"$NAMEPLATE_GRANTED_LOCK"
"419","PlayerIDNamePlate_496","$NAMEPLATE_343_FLAG",,"eUnlockItemId_NAMEPLATE_343_FLAG",,"$NAMEPLATE_343_LOCK"
"420","PlayerIDNamePlate_497","$NAMEPLATE_FRONK_FLAG",,"eUnlockItemId_NAMEPLATE_FRONK_FLAG",,"$NAMEPLATE_GRANTED_LOCK"
"421","PlayerIDNamePlate_521","$NAMEPLATE_HISPANICHERITAGE2021",,"eUnlockItemId_NAMEPLATE_HISPANICHERITAGE2021",,"$NAMEPLATE_GRANTED_LOCK"
"422","PlayerIDNamePlate_498","$NAMEPLATE_CHAINBIND",,"eUnlockItemId_NAMEPLATE_CHAINBIND",,"$NAMEPLATE_SEASON_LOCK"
"423","PlayerIDNamePlate_499","$NAMEPLATE_SCALEBIND",,"eUnlockItemId_NAMEPLATE_SCALEBIND",,"$NAMEPLATE_SEASON_LOCK"
"424","PlayerIDNamePlate_500","$NAMEPLATE_LATTICEBIND",,"eUnlockItemId_NAMEPLATE_LATTICEBIND",,"$NAMEPLATE_SEASON_LOCK"
"425","PlayerIDNamePlate_501","$NAMEPLATE_ARCHITECTS",,"eUnlockItemId_NAMEPLATE_ARCHITECTS",,"$NAMEPLATE_SEASON_LOCK"
"426","PlayerIDNamePlate_502","$NAMEPLATE_ETERNAL_EYES",,"eUnlockItemId_NAMEPLATE_ETERNAL_EYES",,"$NAMEPLATE_SEASON_LOCK"
"427","PlayerIDNamePlate_503","$NAMEPLATE_APOCRYPHAL",,"eUnlockItemId_NAMEPLATE_APOCRYPHAL",,"$NAMEPLATE_SEASON_LOCK"
"428","PlayerIDNamePlate_504","$NAMEPLATE_SHIELDED",,"eUnlockItemId_NAMEPLATE_SHIELDED",,"$NAMEPLATE_SEASON_LOCK"
"429","PlayerIDNamePlate_505","$NAMEPLATE_LEO",,"eUnlockItemId_NAMEPLATE_LEO",,"$NAMEPLATE_SEASON_LOCK"
"430","PlayerIDNamePlate_506","$NAMEPLATE_YESTERDAYS_EDGE",,"eUnlockItemId_NAMEPLATE_YESTERDAYS_EDGE",,"$NAMEPLATE_SEASON_LOCK"
"431","PlayerIDNamePlate_507","$NAMEPLATE_TOMORROWS_POINT",,"eUnlockItemId_NAMEPLATE_TOMORROWS_POINT",,"$NAMEPLATE_SEASON_LOCK"
"432","PlayerIDNamePlate_508","$NAMEPLATE_LONGSHIP",,"eUnlockItemId_NAMEPLATE_LONGSHIP",,"$NAMEPLATE_SEASON_LOCK"
"433","PlayerIDNamePlate_509","$NAMEPLATE_FIELD_OF_GLORY",,"eUnlockItemId_NAMEPLATE_FIELD_OF_GLORY",,"$NAMEPLATE_SEASON_LOCK"
"434","PlayerIDNamePlate_510","$NAMEPLATE_REAVING_EVOLVED",,"eUnlockItemId_NAMEPLATE_REAVING_EVOLVED",,"$NAMEPLATE_SEASON_LOCK"
"435","PlayerIDNamePlate_511","$NAMEPLATE_MORE_THAN_SORROW",,"eUnlockItemId_NAMEPLATE_MORE_THAN_SORROW",,"$NAMEPLATE_SEASON_LOCK"
"436","PlayerIDNamePlate_512","$NAMEPLATE_BRAVE_AND_TRUE",,"eUnlockItemId_NAMEPLATE_BRAVE_AND_TRUE",,"$NAMEPLATE_SEASON_LOCK"
"437","PlayerIDNamePlate_513","$NAMEPLATE_POINTED_QUESTION",,"eUnlockItemId_NAMEPLATE_POINTED_QUESTION",,"$NAMEPLATE_SEASON_LOCK"
"438","PlayerIDNamePlate_514","$NAMEPLATE_CHRONO_HAMMER",,"eUnlockItemId_NAMEPLATE_CHRONO_HAMMER",,"$NAMEPLATE_SEASON_LOCK"
"439","PlayerIDNamePlate_515","$NAMEPLATE_SHIELD_TO_SHIELD",,"eUnlockItemId_NAMEPLATE_SHIELD_TO_SHIELD",,"$NAMEPLATE_SEASON_LOCK"
"440","PlayerIDNamePlate_516","$NAMEPLATE_EMPIRES_EMBERS",,"eUnlockItemId_NAMEPLATE_EMPIRES_EMBERS",,"$NAMEPLATE_SEASON_LOCK"
"441","PlayerIDNamePlate_517","$NAMEPLATE_SUBANESE_DREAM",,"eUnlockItemId_NAMEPLATE_SUBANESE_DREAM",,"$NAMEPLATE_SEASON_LOCK"
"442","PlayerIDNamePlate_518","$NAMEPLATE_TRISTAR_FIRE",,"eUnlockItemId_NAMEPLATE_TRISTAR_FIRE",,"$NAMEPLATE_SEASON_LOCK"
"443","PlayerIDNamePlate_519","$NAMEPLATE_WILD_HOG",,"eUnlockItemId_NAMEPLATE_WILD_HOG",,"$NAMEPLATE_GRANTED_LOCK"
"444","PlayerIDNamePlate_520","$NAMEPLATE_GLOBE_TROTTER",,"eUnlockItemId_NAMEPLATE_GLOBE_TROTTER",,"$NAMEPLATE_GRANTED_LOCK"
"445","PlayerIDNamePlate_524","$NAMEPLATE_OVERKILL",,"eUnlockItemId_NAMEPLATE_OVERKILL",,"$NAMEPLATE_GRANTED_LOCK"
"446","PlayerIDNamePlate_527","$NAMEPLATE_SPARTAN_1337",,"eUnlockItemId_NAMEPLATE_SPARTAN_1337",,"$NAMEPLATE_GRANTED_LOCK"
"447","PlayerIDNamePlate_526","$NAMEPLATE_SNOWBOUND",,"eUnlockItemId_NAMEPLATE_SNOWBOUND",,"$NAMEPLATE_GRANTED_LOCK"
"448","PlayerIDNamePlate_525","$NAMEPLATE_FOWL_PLAY",,"eUnlockItemId_NAMEPLATE_FOWL_PLAY",,"$NAMEPLATE_GRANTED_LOCK"
"449","PlayerIDNamePlate_522","$NAMEPLATE_HAPPY_HALLOWEEN",,"eUnlockItemId_NAMEPLATE_HAPPY_HALLOWEEN",,"$NAMEPLATE_GRANTED_LOCK"
"450","PlayerIDNamePlate_523","$NAMEPLATE_NERD_BIRD",,"eUnlockItemId_NAMEPLATE_NERD_BIRD",,"$NAMEPLATE_GRANTED_LOCK"
"451","PlayerIDNamePlate_528","$NAMEPLATE_CHILLGRILL",,"eUnlockItemId_NAMEPLATE_CHILLGRILL",,"$NAMEPLATE_GRANTED_LOCK"
"452","PlayerIDNamePlate_529","$NAMEPLATE_STYLE",,"eUnlockItemId_NAMEPLATE_STYLE",,"$NAMEPLATE_GRANTED_LOCK"
"453","PlayerIDNamePlate_530","$NAMEPLATE_SERIESX",,"eUnlockItemId_NAMEPLATE_SERIESX",,"$NAMEPLATE_GRANTED_LOCK"
"454","PlayerIDNamePlate_531","$NAMEPLATE_SERIESS",,"eUnlockItemId_NAMEPLATE_SERIESS",,"$NAMEPLATE_GRANTED_LOCK"
"455","PlayerIDNamePlate_532","$NAMEPLATE_XBOXORIGIN",,"eUnlockItemId_NAMEPLATE_XBOXORIGIN",,"$NAMEPLATE_GRANTED_LOCK"
"456","PlayerIDNamePlate_533","$NAMEPLATE_HALOXBOX",,"eUnlockItemId_NAMEPLATE_HALOXBOX",,"$NAMEPLATE_GRANTED_LOCK"
"457","PlayerIDNamePlate_534","$NAMEPLATE_DASHBOARD",,"eUnlockItemId_NAMEPLATE_DASHBOARD",,"$NAMEPLATE_GRANTED_LOCK"
"459","PlayerIDNamePlate_535","$NAMEPLATE_HALO360",,"eUnlockItemId_NAMEPLATE_HALO360",,"$NAMEPLATE_GRANTED_LOCK"
"458","PlayerIDNamePlate_536","$NAMEPLATE_SERIESX2",,"eUnlockItemId_NAMEPLATE_SERIESX2",,"$NAMEPLATE_GRANTED_LOCK"
"460","PlayerIDNamePlate_537","$NAMEPLATE_HALOWINAMP",,"eUnlockItemId_NAMEPLATE_HALOWINAMP",,"$NAMEPLATE_GRANTED_LOCK"
"461","PlayerIDNamePlate_538","$NAMEPLATE_HALO20TH",,"eUnlockItemId_NAMEPLATE_HALO20TH",,"$NAMEPLATE_GRANTED_LOCK"
"462","PlayerIDNamePlate_539","$NAMEPLATE_PLATINUMHALO",,"eUnlockItemId_NAMEPLATE_PLATINUMHALO",,"$NAMEPLATE_GRANTED_LOCK"
"463","PlayerIDNamePlate_540","$NAMEPLATE_XBOXONE",,"eUnlockItemId_NAMEPLATE_XBOXONE",,"$NAMEPLATE_GRANTED_LOCK"
"464","PlayerIDNamePlate_541","$NAMEPLATE_20THKEYART1",,"eUnlockItemId_NAMEPLATE_20THKEYART1",,"$NAMEPLATE_GRANTED_LOCK"
"465","PlayerIDNamePlate_542","$NAMEPLATE_GHOSTSOFONYX",,"eUnlockItemId_NAMEPLATE_GHOSTSOFONYX",,"$NAMEPLATE_GRANTED_LOCK"
"466","PlayerIDNamePlate_543","$NAMEPLATE_20THKEYART2",,"eUnlockItemId_NAMEPLATE_20THKEYART2",,"$NAMEPLATE_GRANTED_LOCK"
"467","PlayerIDNamePlate_544","$NAMEPLATE_COLEPROTOCOL",,"eUnlockItemId_NAMEPLATE_COLEPROTOCOL",,"$NAMEPLATE_GRANTED_LOCK"
"468","PlayerIDNamePlate_545","$NAMEPLATE_CONTACTHARVEST",,"eUnlockItemId_NAMEPLATE_CONTACTHARVEST",,"$NAMEPLATE_GRANTED_LOCK"
"469","PlayerIDNamePlate_546","$NAMEPLATE_DREAMSHIFT",,"eUnlockItemId_NAMEPLATE_DREAMSHIFT",,"$NAMEPLATE_GRANTED_LOCK"
"470","PlayerIDNamePlate_547","$NAMEPLATE_DREAMMOVES",,"eUnlockItemId_NAMEPLATE_DREAMMOVES",,"$NAMEPLATE_GRANTED_LOCK"
"471","PlayerIDNamePlate_548","$NAMEPLATE_DREAMRING",,"eUnlockItemId_NAMEPLATE_DREAMRING",,"$NAMEPLATE_GRANTED_LOCK"
"472","PlayerIDNamePlate_549","$NAMEPLATE_DREAMCAT",,"eUnlockItemId_NAMEPLATE_DREAMCAT",,"$NAMEPLATE_GRANTED_LOCK"
"473","PlayerIDNamePlate_550","$NAMEPLATE_BLUETEAM",,"eUnlockItemId_NAMEPLATE_BLUETEAM",,"$NAMEPLATE_GRANTED_LOCK"
"474","PlayerIDNamePlate_551","$NAMEPLATE_20THLEGENDARY",,"eUnlockItemId_NAMEPLATE_20THLEGENDARY",,"$NAMEPLATE_GRANTED_LOCK"
"475","PlayerIDNamePlate_552","$NAMEPLATE_BELIEVE",,"eUnlockItemId_NAMEPLATE_BELIEVE",,"$NAMEPLATE_GRANTED_LOCK"
"476","PlayerIDNamePlate_553","$NAMEPLATE_ASCENSION",,"eUnlockItemId_NAMEPLATE_ASCENSION",,"$NAMEPLATE_GRANTED_LOCK"
"477","PlayerIDNamePlate_554","$NAMEPLATE_CORTANAALERT",,"eUnlockItemId_NAMEPLATE_CORTANAALERT",,"$NAMEPLATE_GRANTED_LOCK"
"478","PlayerIDNamePlate_555","$NAMEPLATE_REVOLVERALPHA",,"eUnlockItemId_NAMEPLATE_REVOLVERALPHA",,"$NAMEPLATE_GRANTED_LOCK"
"479","PlayerIDNamePlate_556","$NAMEPLATE_REVOLVERDELTA",,"eUnlockItemId_NAMEPLATE_REVOLVERDELTA",,"$NAMEPLATE_GRANTED_LOCK"
"480","PlayerIDNamePlate_557","$NAMEPLATE_REVOLVERREQUIEM",,"eUnlockItemId_NAMEPLATE_REVOLVERREQUIEM",,"$NAMEPLATE_GRANTED_LOCK"
"481","PlayerIDNamePlate_558","$NAMEPLATE_REVOLVERMOMBASA",,"eUnlockItemId_NAMEPLATE_REVOLVERMOMBASA",,"$NAMEPLATE_GRANTED_LOCK"
"482","PlayerIDNamePlate_559","$NAMEPLATE_CLIPPY",,"eUnlockItemId_NAMEPLATE_CLIPPY",,"$NAMEPLATE_GRANTED_LOCK"
"483","PlayerIDNamePlate_560","$NAMEPLATE_SKYPE",,"eUnlockItemId_NAMEPLATE_SKYPE",,"$NAMEPLATE_GRANTED_LOCK"
"484","PlayerIDNamePlate_561","$NAMEPLATE_MENTALHEALTH2022",,"eUnlockItemId_NAMEPLATE_MENTALHEALTH2022",,"$NAMEPLATE_MENTALHEALTH2022_DESC"
"485","PlayerIDNamePlate_562","$NAMEPLATE_APAMONTH2022",,"eUnlockItemId_NAMEPLATE_APAMONTH2022",,"$NAMEPLATE_APAMONTH2022_DESC"
"486","PlayerIDNamePlate_563","$NAMEPLATE_CHICKENDINNER2022",,"eUnlocKItemId_NAMEPLATE_CHICKENDINNER2022",,"$NAMEPLATE_CHICKENDINNER2022_DESC"
"487","PlayerIDNamePlate_564","$NAMEPLATE_JUNETEENTH2022",,"eUnlockItemId_NAMEPLATE_JUNETEENTH2022",,"$NAMEPLATE_JUNETEENTH2022_DESC"
"488","PlayerIDNamePlate_565","$NAMEPLATE_MEMORIAL2022",,"eUnlockItemId_NAMEPLATE_MEMORIAL2022",,"$NAMEPLATE_MEMORIAL2022_DESC"
"489","PlayerIDNamePlate_566","$NAMEPLATE_HALOWEEN2022",,"eUnlockItemId_NAMEPLATE_HALOWEEN2022",,"$NAMEPLATE_HALOWEEN2022_DESC"
"490","PlayerIDNamePlate_567","$NAMEPLATE_VETERANSDAY2022",,"eUnlockItemId_NAMEPLATE_VETERANSDAY2022",,"$NAMEPLATE_VETERANSDAY2022_DESC"
"491","PlayerIDNamePlate_568","$NAMEPLATE_HALODAYS2022",,"eUnlockItemId_NAMEPLATE_HALODAYS2022",,"$NAMEPLATE_HALODAYS2022_DESC"
"492","PlayerIDNamePlate_569","$NAMEPLATE_343DAY2022",,"eUnlockItemId_NAMEPLATE_343DAY2022",,"$NAMEPLATE_343DAY2022_DESC"
"493","PlayerIDNamePlate_570","$NAMEPLATE_VALENTINES2023",,"eUnlockItemId_NAMEPLATE_VALENTINES2023",,"$NAMEPLATE_VALENTINES2023_DESC"
"494","PlayerIDNamePlate_571","$NAMEPLATE_PULASKIS2023",,"eUnlockItemId_NAMEPLATE_PULASKI2023",,"$NAMEPLATE_PULASKIS2023_DESC"
"495","PlayerIDNamePlate_572","$NAMEPLATE_TERMINALNETWORK",,"eUnlockItemId_NAMEPLATE_TERMINALNETWORK",,"$NAMEPLATE_TERMINALNETWORK_DESC"
"496","PlayerIDNamePlate_573","$NAMEPLATE_WELCOMETOEARTH",,"eUnlockItemId_NAMEPLATE_WELCOMETOEARTH",,"$NAMEPLATE_WELCOMETOEARTH_DESC"
"497","PlayerIDNamePlate_574","$NAMEPLATE_GRUNTWORKS",,"eUnlockItemId_NAMEPLATE_GRUNTWORKS",,"$NAMEPLATE_GRUNTWORKS_DESC"
"498","PlayerIDNamePlate_575","$NAMEPLATE_RABBITNEWYEAR",,"eUnlockItemId_NAMEPLATE_RABBITNEWYEAR",,"$NAMEPLATE_RABBITNEWYEAR_DESC"
"499","PlayerIDNamePlate_576","$NAMEPLATE_343DAY2023",,"eUnlockItemId_NAMEPLATE_343DAY2023",,"$NAMEPLATE_343DAY2023_DESC"
"500","PlayerIDNamePlate_577","$NAMEPLATE_APAMONTH2023",,"eUnlockItemId_NAMEPLATE_APAMONTH2023",,"$NAMEPLATE_APAMONTH2023_DESC"
"501","PlayerIDNamePlate_578","$NAMEPLATE_BASTILLEDAY2023",,"eUnlockItemId_NAMEPLATE_BASTILLEDAY2023",,"$NAMEPLATE_BASTILLEDAY2023_DESC"
"502","PlayerIDNamePlate_579","$NAMEPLATE_BLACKHISTORY2023",,"eUnlockItemId_NAMEPLATE_BLACKHISTORY2023",,"$NAMEPLATE_BLACKHISTORY2023_DESC"
"503","PlayerIDNamePlate_614","$NAMEPLATE_DISABILITYPRIDE2023",,"eUnlockItemId_NAMEPLATE_DISABILITYPRIDE2023",,"$NAMEPLATE_DISABILITYPRIDE2023_DESC"
"504","PlayerIDNamePlate_583","$NAMEPLATE_HALODAYS2023",,"eUnlockItemId_NAMEPLATE_HALODAYS2023",,"$NAMEPLATE_HALODAYS2023_DESC"
"505","PlayerIDNamePlate_582","$NAMEPLATE_HALOWEEN2023",,"eUnlockItemId_NAMEPLATE_HALOWEEN2023",,"$NAMEPLATE_HALOWEEN2023_DESC"
"506","PlayerIDNamePlate_584","$NAMEPLATE_INDEPENDENCEDAY2023",,"eUnlockItemId_NAMEPLATE_INDEPENDENCEDAY2023",,"$NAMEPLATE_INDEPENDENCEDAY2023_DESC"
"507","PlayerIDNamePlate_585","$NAMEPLATE_INTERNATIONALWOMENSDAY2023",,"eUnlockItemId_NAMEPLATE_INTERNATIONALWOMENSDAY2023",,"$NAMEPLATE_INTERNATIONALWOMENSDAY2023_DESC"
"508","PlayerIDNamePlate_590","$NAMEPLATE_MEMORIALDAY2023",,"eUnlockItemId_NAMEPLATE_MEMORIALDAY2023",,"$NAMEPLATE_MEMORIALDAY2023_DESC"
"509","PlayerIDNamePlate_591","$NAMEPLATE_MENTALHEALTH2023",,"eUnlockItemId_NAMEPLATE_MENTALHEALTH2023",,"$NAMEPLATE_MENTALHEALTH2023_DESC"
"510","PlayerIDNamePlate_597","$NAMEPLATE_INTERNATIONALPIRATEMONTH2023",,"eUnlockItemId_NAMEPLATE_INTERNATIONALPIRATEMONTH2023",,"$NAMEPLATE_INTERNATIONALPIRATEMONTH2023_DESC"
"511","PlayerIDNamePlate_598","$NAMEPLATE_PURPLEHEARTDAY2023",,"eUnlockItemId_NAMEPLATE_PURPLEHEARTDAY2023",,"$NAMEPLATE_PURPLEHEARTDAY2023_DESC"
"512","PlayerIDNamePlate_604","$NAMEPLATE_VETERANSDAY2023",,"eUnlockItemId_NAMEPLATE_VETERANSDAY2023",,"$NAMEPLATE_VETERANSDAY2023_DESC"
"513","PlayerIDNamePlate_605","$NAMEPLATE_WOMENSHISTORYMONTH2023",,"eUnlockItemId_NAMEPLATE_WOMENSHISTORYMONTH2023",,"$NAMEPLATE_WOMENSHISTORYMONTH2023_DESC"
"514","PlayerIDNamePlate_611","$NAMEPLATE_GRASSROOTS2023",,"eUnlockItemId_NAMEPLATE_GRASSROOTS2023",,"$NAMEPLATE_GRASSROOTS2023_DESC"
"515","PlayerIDNamePlate_601","$NAMEPLATE_VALENTINES2024",,"eUnlockItemId_NAMEPLATE_VALENTINES2024",,"$NAMEPLATE_VALENTINES2024_DESC"
"516","PlayerIDNamePlate_586","$NAMEPLATE_DRAGONNEWYEAR",,"eUnlockItemId_NAMEPLATE_DRAGONNEWYEAR",,"$NAMEPLATE_DRAGONNEWYEAR_DESC"
"517","PlayerIDNamePlate_606","$NAMEPLATE_ONTHEMONEY",,"eUnlockItemId_NAMEPLATE_ONTHEMONEY",,"$NAMEPLATE_ONTHEMONEY_DESC"
"518","PlayerIDNamePlate_607","$NAMEPLATE_BAYDOORS",,"eUnlockItemId_NAMEPLATE_BAYDOORS",,"$NAMEPLATE_BAYDOORS_DESC"
"519","PlayerIDNamePlate_612","$NAMEPLATE_GRASSROOTSUNITED",,"eUnlockItemId_NAMEPLATE_GRASSROOTSUNITED",,"$NAMEPLATE_GRASSROOTSUNITED_DESC"
"520","PlayerIDNamePlate_609","$NAMEPLATE_UNLIKELYPAIRING",,"eUnlockItemId_NAMEPLATE_UNLIKELYPAIRING",,"$NAMEPLATE_UNLIKELYPAIRING_DESC"
"521","PlayerIDNamePlate_608","$NAMEPLATE_SPINNINGRINGS",,"eUnlockItemId_NAMEPLATE_SPINNINGRINGS",,"$NAMEPLATE_SPINNINGRINGS_DESC"
"522","PlayerIDNamePlate_610","$NAMEPLATE_SPARTANFLAG",,"eUnlockItemId_NAMEPLATE_SPARTANFLAG",,"$NAMEPLATE_SPARTANFLAG_DESC"
"523","PlayerIDNamePlate_613","$NAMEPLATE_DANCINGGRUNTWORKS",,"eUnlockItemId_NAMEPLATE_DANCINGGRUNTWORKS",,"$NAMEPLATE_DANCINGGRUNTWORKS_DESC"
"524","PlayerIDNamePlate_580","$NAMEPLATE_DIEDEMUERTOS",,"eUnlockItemId_NAMEPLATE_DIEDEMUERTOS",,"$NAMEPLATE_DIEDEMUERTOS_DESC"
"525","PlayerIDNamePlate_581","$NAMEPLATE_GROUNDHOGDAY",,"eUnlockItemId_NAMEPLATE_GROUNDHOGDAY",,"$NAMEPLATE_GROUNDHOGDAY_DESC"
"526","PlayerIDNamePlate_587","$NAMEPLATE_MARDIGRAS",,"eUnlockItemId_NAMEPLATE_MARDIGRAS",,"$NAMEPLATE_MARDIGRAS_DESC"
"527","PlayerIDNamePlate_588","$NAMEPLATE_MAROONEDWITHOUTACOMPASSDAY",,"eUnlockItemId_NAMEPLATE_MAROONEDWITHOUTACOMPASSDAY",,"$NAMEPLATE_MAROONEDWITHOUTACOMPASSDAY_DESC"
"528","PlayerIDNamePlate_589","$NAMEPLATE_MASTERCHIEFDAY",,"eUnlockItemId_NAMEPLATE_MASTERCHIEFDAY",,"$NAMEPLATE_MASTERCHIEFDAY_DESC"
"529","PlayerIDNamePlate_592","$NAMEPLATE_MEXICANINDEPENDENCEDAY",,"eUnlockItemId_NAMEPLATE_MEXICANINDEPENDENCEDAY",,"$NAMEPLATE_MEXICANINDEPENDENCEDAY_DESC"
"530","PlayerIDNamePlate_593","$NAMEPLATE_NATIONALBIRDDAY",,"eUnlockItemId_NAMEPLATE_NATIONALBIRDDAY",,"$NAMEPLATE_NATIONALBIRDDAY_DESC"
"531","PlayerIDNamePlate_594","$NAMEPLATE_NATIONALCATDAY",,"eUnlockItemId_NAMEPLATE_NATIONALCATDAY",,"$NAMEPLATE_NATIONALCATDAY_DESC"
"532","PlayerIDNamePlate_595","$NAMEPLATE_NATIONALDOGDAY",,"eUnlockItemId_NAMEPLATE_NATIONALDOGDAY",,"$NAMEPLATE_NATIONALDOGDAY_DESC"
"533","PlayerIDNamePlate_596","$NAMEPLATE_NEWYEARS2024",,"eUnlockItemId_NAMEPLATE_NEWYEARS2024",,"$NAMEPLATE_NEWYEARS2024_DESC"
"534","PlayerIDNamePlate_599","$NAMEPLATE_SUMMERSOLSTICE",,"eUnlockItemId_NAMEPLATE_SUMMERSOLSTICE",,"$NAMEPLATE_SUMMERSOLSTICE_DESC"
"535","PlayerIDNamePlate_600","$NAMEPLATE_SUPERBOWLDAY",,"eUnlockItemId_NAMEPLATE_SUPERBOWLDAY",,"$NAMEPLATE_SUPERBOWLDAY_DESC"
"536","PlayerIDNamePlate_602","$NAMEPLATE_WORLDANIMALDAY",,"eUnlockItemId_NAMEPLATE_WORLDANIMALDAY",,"$NAMEPLATE_WORLDANIMALDAY_DESC"
"537","PlayerIDNamePlate_603","$NAMEPLATE_WORLDWHALEDAY",,"eUnlockItemId_NAMEPLATE_WORLDWHALEDAY",,"$NAMEPLATE_WORLDWHALEDAY_DESC"
